<MetaData>
  <ProductionComputationFactors NPC2="0" NPC2Consumable="20" NoDBNO="20" PerCPThreshold="50" PerCPValue="2.5" PerEliteKilled="5" PerCursedChest="0">
    <NPC2ConsumableRarity Normal="0" Magic="0" Rare="0" Legendary="0" Unique="0" />
    <MapModifiers>
      <Entry Count="0" Factor="0" />
      <Entry Count="1" Factor="100" />
      <Entry Count="2" Factor="250" />
      <Entry Count="3" Factor="400" />
      <Entry Count="4" Factor="600" />
      <Entry Count="5" Factor="800" />
    </MapModifiers>
    <SariselRanks C="0" B="100" A="1000" S="1500" SPlus="2500" />
  </ProductionComputationFactors>
</MetaData>