<MapModifiers>
  <Modifier Preset="MonsterBossMod" Chance="20" Difficulty="1" ItemRarity="200" ItemQuantity="10" />
  <Modifier Preset="ResurectSimilar" Chance="20" Difficulty="1" ItemRarity="200" ItemQuantity="10" />
  <Modifier Preset="MonstersResistAll" Chance="5" Difficulty="1" ItemRarity="200" ItemQuantity="10" />
  <Modifier Preset="MonstersResistElemental" Chance="5" Difficulty="1" ItemRarity="200" ItemQuantity="10" />
  <Modifier Preset="MonstersResistOccult" Chance="5" Difficulty="1" ItemRarity="200" ItemQuantity="10" />
  <Modifier Preset="MonstersResistMaterial" Chance="5" Difficulty="1" ItemRarity="200" ItemQuantity="10" />
  <Modifier Preset="MonstersDamageFire" Chance="1" Difficulty="1" ItemRarity="200" ItemQuantity="10" />
  <Modifier Preset="TrashDamageFire" Chance="1" Difficulty="1" ItemRarity="200" ItemQuantity="10" />
  <Modifier Preset="LieutenantDamageFire" Chance="1" Difficulty="1" ItemRarity="200" ItemQuantity="10" />
  <Modifier Preset="EliteDamageFire" Chance="1" Difficulty="1" ItemRarity="200" ItemQuantity="10" />
  <Modifier Preset="MonstersDamageFrost" Chance="1" Difficulty="1" ItemRarity="200" ItemQuantity="10" />
  <Modifier Preset="TrashDamageFrost" Chance="1" Difficulty="1" ItemRarity="200" ItemQuantity="10" />
  <Modifier Preset="LieutenantDamageFrost" Chance="1" Difficulty="1" ItemRarity="200" ItemQuantity="10" />
  <Modifier Preset="EliteDamageFrost" Chance="1" Difficulty="1" ItemRarity="200" ItemQuantity="10" />
  <Modifier Preset="MonstersDamageLighting" Chance="1" Difficulty="1" ItemRarity="200" ItemQuantity="10" />
  <Modifier Preset="TrashDamageLightning" Chance="1" Difficulty="1" ItemRarity="200" ItemQuantity="10" />
  <Modifier Preset="LieutenantDamageLightning" Chance="1" Difficulty="1" ItemRarity="200" ItemQuantity="10" />
  <Modifier Preset="EliteDamageLightning" Chance="1" Difficulty="1" ItemRarity="200" ItemQuantity="10" />
  <Modifier Preset="MonstersDamageUmbra" Chance="1" Difficulty="1" ItemRarity="200" ItemQuantity="10" />
  <Modifier Preset="TrashDamageUmbra" Chance="1" Difficulty="1" ItemRarity="200" ItemQuantity="10" />
  <Modifier Preset="LieutenantDamageUmbra" Chance="1" Difficulty="1" ItemRarity="200" ItemQuantity="10" />
  <Modifier Preset="EliteDamageUmbra" Chance="1" Difficulty="1" ItemRarity="200" ItemQuantity="10" />
  <Modifier Preset="MonstersDamageSacred" Chance="1" Difficulty="1" ItemRarity="200" ItemQuantity="10" />
  <Modifier Preset="TrashDamageSacred" Chance="1" Difficulty="1" ItemRarity="200" ItemQuantity="10" />
  <Modifier Preset="LieutenantDamageSacred" Chance="1" Difficulty="1" ItemRarity="200" ItemQuantity="10" />
  <Modifier Preset="EliteDamageSacred" Chance="1" Difficulty="1" ItemRarity="200" ItemQuantity="10" />
  <Modifier Preset="MonstersDamageShadow" Chance="1" Difficulty="1" ItemRarity="200" ItemQuantity="10" />
  <Modifier Preset="TrashDamageShadow" Chance="1" Difficulty="1" ItemRarity="200" ItemQuantity="10" />
  <Modifier Preset="LieutenantDamageShadow" Chance="1" Difficulty="1" ItemRarity="200" ItemQuantity="10" />
  <Modifier Preset="EliteDamageShadow" Chance="1" Difficulty="1" ItemRarity="200" ItemQuantity="10" />
  <Modifier Preset="MonstersDamageRend" Chance="1" Difficulty="1" ItemRarity="200" ItemQuantity="10" />
  <Modifier Preset="TrashDamageRend" Chance="1" Difficulty="1" ItemRarity="200" ItemQuantity="10" />
  <Modifier Preset="LieutenantDamageRend" Chance="1" Difficulty="1" ItemRarity="200" ItemQuantity="10" />
  <Modifier Preset="EliteDamageRend" Chance="1" Difficulty="1" ItemRarity="200" ItemQuantity="10" />
  <Modifier Preset="MonstersDamageToxic" Chance="1" Difficulty="1" ItemRarity="200" ItemQuantity="10" />
  <Modifier Preset="TrashDamageToxic" Chance="1" Difficulty="1" ItemRarity="200" ItemQuantity="10" />
  <Modifier Preset="LieutenantDamageToxic" Chance="1" Difficulty="1" ItemRarity="200" ItemQuantity="10" />
  <Modifier Preset="EliteDamageToxic" Chance="1" Difficulty="1" ItemRarity="200" ItemQuantity="10" />
  <Modifier Preset="MonstersDamagePhysical" Chance="1" Difficulty="1" ItemRarity="200" ItemQuantity="10" />
  <Modifier Preset="TrashDamagePhysical" Chance="1" Difficulty="1" ItemRarity="200" ItemQuantity="10" />
  <Modifier Preset="LieutenantDamagePhysical" Chance="1" Difficulty="1" ItemRarity="200" ItemQuantity="10" />
  <Modifier Preset="EliteDamagePhysical" Chance="1" Difficulty="1" ItemRarity="200" ItemQuantity="10" />
  <Modifier Preset="PlayerLessUmbra" Chance="10" Difficulty="1" ItemRarity="200" ItemQuantity="10" />
  <Modifier Preset="PlayerLessStamina" Chance="10" Difficulty="1" ItemRarity="200" ItemQuantity="10" />
  <Modifier Preset="PlayerLessRage" Chance="10" Difficulty="1" ItemRarity="200" ItemQuantity="10" />
  <Modifier Preset="MonsterCriticalResistance" Chance="10" Difficulty="1" ItemRarity="200" ItemQuantity="10" />
  <Modifier Preset="MonsterDotResistance" Chance="10" Difficulty="1" ItemRarity="200" ItemQuantity="10" />
  <Modifier Preset="ProjDamageDistance" Chance="10" Difficulty="1" ItemRarity="200" ItemQuantity="10" />
  <Modifier Preset="MonstersSpeed" Chance="10" Difficulty="1" ItemRarity="200" ItemQuantity="10" />
  <Modifier Preset="TrashesSpeed" Chance="10" Difficulty="1" ItemRarity="200" ItemQuantity="10" />
  <Modifier Preset="LieutenantsSpeed" Chance="10" Difficulty="1" ItemRarity="200" ItemQuantity="10" />
  <Modifier Preset="ElitesSpeed" Chance="10" Difficulty="1" ItemRarity="200" ItemQuantity="10" />
  <Modifier Preset="MonstersHealth" Chance="10" Difficulty="1" ItemRarity="200" ItemQuantity="10" />
  <Modifier Preset="TrashesHealth" Chance="10" Difficulty="1" ItemRarity="200" ItemQuantity="10" />
  <Modifier Preset="LieutenantsHealth" Chance="10" Difficulty="1" ItemRarity="200" ItemQuantity="10" />
  <Modifier Preset="ElitesHealth" Chance="10" Difficulty="1" ItemRarity="200" ItemQuantity="10" />
  <Modifier Preset="MonstersLessCC" Chance="10" Difficulty="1" ItemRarity="200" ItemQuantity="10" />
  <Modifier Preset="TrashesLessCC" Chance="10" Difficulty="1" ItemRarity="200" ItemQuantity="10" />
  <Modifier Preset="LieutenantsLessCC" Chance="10" Difficulty="1" ItemRarity="200" ItemQuantity="10" />
  <Modifier Preset="ElitesLessCC" Chance="10" Difficulty="1" ItemRarity="200" ItemQuantity="10" />
  <Modifier Preset="MonsterBurnOnHit" Chance="1" Difficulty="1" ItemRarity="200" ItemQuantity="10" />
  <Modifier Preset="TrashBurnOnHit" Chance="1" Difficulty="1" ItemRarity="200" ItemQuantity="10" />
  <Modifier Preset="LieutenantBurnOnHit" Chance="1" Difficulty="1" ItemRarity="200" ItemQuantity="10" />
  <Modifier Preset="EliteBurnOnHit" Chance="1" Difficulty="1" ItemRarity="200" ItemQuantity="10" />
  <Modifier Preset="MonsterShockOnHit" Chance="1" Difficulty="1" ItemRarity="200" ItemQuantity="10" />
  <Modifier Preset="TrashShockOnHit" Chance="1" Difficulty="1" ItemRarity="200" ItemQuantity="10" />
  <Modifier Preset="LieutenantShockOnHit" Chance="1" Difficulty="1" ItemRarity="200" ItemQuantity="10" />
  <Modifier Preset="EliteShockOnHit" Chance="1" Difficulty="1" ItemRarity="200" ItemQuantity="10" />
  <Modifier Preset="MonsterPoisonOnHit" Chance="1" Difficulty="1" ItemRarity="200" ItemQuantity="10" />
  <Modifier Preset="TrashPoisonOnHit" Chance="1" Difficulty="1" ItemRarity="200" ItemQuantity="10" />
  <Modifier Preset="LieutenantPoisonOnHit" Chance="1" Difficulty="1" ItemRarity="200" ItemQuantity="10" />
  <Modifier Preset="ElitePoisonOnHit" Chance="1" Difficulty="1" ItemRarity="200" ItemQuantity="10" />
  <Modifier Preset="MonsterBleedOnHit" Chance="1" Difficulty="1" ItemRarity="200" ItemQuantity="10" />
  <Modifier Preset="TrashBleedOnHit" Chance="1" Difficulty="1" ItemRarity="200" ItemQuantity="10" />
  <Modifier Preset="LieutenantBleedOnHit" Chance="1" Difficulty="1" ItemRarity="200" ItemQuantity="10" />
  <Modifier Preset="EliteBleedOnHit" Chance="1" Difficulty="1" ItemRarity="200" ItemQuantity="10" />
  <Modifier Preset="MonsterWeaknessOnHit" Chance="1" Difficulty="1" ItemRarity="200" ItemQuantity="10" />
  <Modifier Preset="TrashWeaknessOnHit" Chance="1" Difficulty="1" ItemRarity="200" ItemQuantity="10" />
  <Modifier Preset="LieutenantWeaknessOnHit" Chance="1" Difficulty="1" ItemRarity="200" ItemQuantity="10" />
  <Modifier Preset="EliteWeaknessOnHit" Chance="1" Difficulty="1" ItemRarity="200" ItemQuantity="10" />
  <Modifier Preset="MonsterCurseOnHit" Chance="1" Difficulty="1" ItemRarity="200" ItemQuantity="10" />
  <Modifier Preset="TrashCurseOnHit" Chance="1" Difficulty="1" ItemRarity="200" ItemQuantity="10" />
  <Modifier Preset="LieutenantCurseOnHit" Chance="1" Difficulty="1" ItemRarity="200" ItemQuantity="10" />
  <Modifier Preset="EliteCurseOnHit" Chance="1" Difficulty="1" ItemRarity="200" ItemQuantity="10" />
  <Modifier Preset="MonsterStasisOnHit" Chance="1" Difficulty="1" ItemRarity="200" ItemQuantity="10" />
  <Modifier Preset="TrashStasisOnHit" Chance="1" Difficulty="1" ItemRarity="200" ItemQuantity="10" />
  <Modifier Preset="LieutenantStasisOnHit" Chance="1" Difficulty="1" ItemRarity="200" ItemQuantity="10" />
  <Modifier Preset="EliteStasisOnHit" Chance="1" Difficulty="1" ItemRarity="200" ItemQuantity="10" />
  <Modifier Preset="LieutenantPoisonFromSky" Chance="5" Difficulty="1" ItemRarity="200" ItemQuantity="10" />
  <Modifier Preset="ElitePoisonFromSky" Chance="5" Difficulty="1" ItemRarity="200" ItemQuantity="10" />
  <Modifier Preset="LieutenantRandomLightning" Chance="5" Difficulty="1" ItemRarity="200" ItemQuantity="10" />
  <Modifier Preset="LieutenantToxicProjectiles_RandomDirection" Chance="5" Difficulty="1" ItemRarity="200" ItemQuantity="10" />
  <Modifier Preset="EliteToxicProjectiles_RandomDirection" Chance="5" Difficulty="1" ItemRarity="200" ItemQuantity="10" />
  <Modifier Preset="LieutenantAetherHomingProjectile" Chance="5" Difficulty="1" ItemRarity="200" ItemQuantity="10" />
  <Modifier Preset="EliteAetherHomingProjectile" Chance="5" Difficulty="1" ItemRarity="200" ItemQuantity="10" />
  <Modifier Preset="LieutenantRandomRend" Chance="5" Difficulty="1" ItemRarity="200" ItemQuantity="10" />
  <Modifier Preset="EliteRandomRend" Chance="5" Difficulty="1" ItemRarity="200" ItemQuantity="10" />
  <Modifier Preset="LieutenantBurnArea_Permanent" Chance="5" Difficulty="1" ItemRarity="200" ItemQuantity="10" />
  <Modifier Preset="EliteBurnArea_Permanent" Chance="5" Difficulty="1" ItemRarity="200" ItemQuantity="10" />
  <Modifier Preset="LieutenantFireHomingProjectile" Chance="5" Difficulty="1" ItemRarity="200" ItemQuantity="10" />
  <Modifier Preset="EliteFireHomingProjectile" Chance="5" Difficulty="1" ItemRarity="200" ItemQuantity="10" />
  <Modifier Preset="LieutenantRendCircle" Chance="5" Difficulty="1" ItemRarity="200" ItemQuantity="10" />
  <Modifier Preset="EliteRendCircle" Chance="5" Difficulty="1" ItemRarity="200" ItemQuantity="10" />
  <Modifier Preset="LieutenantSpearsFromSky" Chance="5" Difficulty="1" ItemRarity="200" ItemQuantity="10" />
  <Modifier Preset="EliteSpearsFromSky" Chance="5" Difficulty="1" ItemRarity="200" ItemQuantity="10" />
</MapModifiers>