<MetaData>
  <ProductionComputationFactors NPC2="0" NPC2Consumable="20" NoDBNO="20" PerCPThreshold="50" PerCPValue="2.5" PerEliteKilled="5" PerCursedChest="0">
    <NPC2ConsumableRarity Normal="0" Magic="0" Rare="0" Legendary="0" Unique="0" />
    <MapModifiers>
      <Entry Count="0" Factor="0" />
      <Entry Count="1" Factor="100" />
      <Entry Count="2" Factor="200" />
      <Entry Count="3" Factor="300" />
      <Entry Count="4" Factor="400" />
      <Entry Count="5" Factor="500" />
      <Entry Count="6" Factor="600" />
      <Entry Count="7" Factor="700" />
      <Entry Count="8" Factor="800" />
      <Entry Count="9" Factor="900" />
      <Entry Count="10" Factor="1000" />
      <Entry Count="11" Factor="1100" />
      <Entry Count="12" Factor="1200" />
      <Entry Count="13" Factor="1300" />
      <Entry Count="14" Factor="1400" />
      <Entry Count="15" Factor="1500" />
      <Entry Count="16" Factor="1600" />
      <Entry Count="17" Factor="1700" />
      <Entry Count="18" Factor="1800" />
      <Entry Count="19" Factor="1900" />
      <Entry Count="20" Factor="2000" />
      <Entry Count="21" Factor="2100" />
      <Entry Count="22" Factor="2200" />
      <Entry Count="23" Factor="2300" />
      <Entry Count="24" Factor="2400" />
      <Entry Count="25" Factor="2500" />
      <Entry Count="26" Factor="2600" />
      <Entry Count="27" Factor="2700" />
      <Entry Count="28" Factor="2800" />
      <Entry Count="29" Factor="2900" />
      <Entry Count="30" Factor="3000" />
    </MapModifiers>
    <SariselRanks C="0" B="100" A="1000" S="1500" SPlus="2500" />
  </ProductionComputationFactors>
</MetaData>