<MetaData>
  <LevelOffsetMode Rule="RuleTier1" UnlockLevel="10" UIName="@ui_adventure_mode_level_selection_easy_mode" ExpeditionMapImagePath="../u_resources/expedition/difficulty_shields/Shield_Tier1.png">
    <Slot EnemiesLevelMax="40" EnemiesLevelOverride="10" MagicFindOffset="1" ProductionMultiplier="1" HuntCurrency="60" ActivityScoreToUnlock="6" />
    <Slot EnemiesLevelMax="40" EnemiesLevelOverride="13" MagicFindOffset="1" ProductionMultiplier="1" HuntCurrency="60" ActivityScoreToUnlock="6" />
    <Slot EnemiesLevelMax="40" EnemiesLevelOverride="16" MagicFindOffset="1" ProductionMultiplier="1" HuntCurrency="60" ActivityScoreToUnlock="6" />
    <Slot EnemiesLevelMax="40" EnemiesLevelOverride="19" MagicFindOffset="1" ProductionMultiplier="1" HuntCurrency="60" ActivityScoreToUnlock="7" />
    <Slot EnemiesLevelMax="40" EnemiesLevelOverride="22" MagicFindOffset="1" ProductionMultiplier="1" HuntCurrency="60" ActivityScoreToUnlock="7" />
    <Slot EnemiesLevelMax="40" EnemiesLevelOverride="25" MagicFindOffset="1" ProductionMultiplier="1" HuntCurrency="60" ActivityScoreToUnlock="7" />
    <Slot EnemiesLevelMax="40" EnemiesLevelOverride="28" MagicFindOffset="1" ProductionMultiplier="1" HuntCurrency="60" ActivityScoreToUnlock="7" />
    <Slot EnemiesLevelMax="40" EnemiesLevelOverride="31" MagicFindOffset="1" ProductionMultiplier="1" HuntCurrency="60" ActivityScoreToUnlock="8" />
    <Slot EnemiesLevelMax="40" EnemiesLevelOverride="34" MagicFindOffset="1" ProductionMultiplier="1" HuntCurrency="60" ActivityScoreToUnlock="8" />
    <Slot EnemiesLevelMax="40" EnemiesLevelOverride="37" MagicFindOffset="1" ProductionMultiplier="1" HuntCurrency="60" ActivityScoreToUnlock="8" />
  </LevelOffsetMode>
  <LevelOffsetMode Rule="RuleTier2" UnlockLevel="10" UIName="@ui_adventure_mode_level_selection_intermediate_mode" ExpeditionMapImagePath="../u_resources/expedition/difficulty_shields/Shield_Tier2.png">
    <Slot EnemiesLevelOverride="40" MagicFindOffset="1" ItemQuantityMultiplier="1.00" ProductionMultiplier="2.03" HuntCurrency="60" ActivityScoreToUnlock="9" />
    <Slot EnemiesLevelOverride="43" MagicFindOffset="3" ItemQuantityMultiplier="1.01" ProductionMultiplier="2.06" HuntCurrency="63" ActivityScoreToUnlock="9" />
    <Slot EnemiesLevelOverride="46" MagicFindOffset="6" ItemQuantityMultiplier="1.02" ProductionMultiplier="2.09" HuntCurrency="69" ActivityScoreToUnlock="9" />
    <Slot EnemiesLevelOverride="49" MagicFindOffset="9" ItemQuantityMultiplier="1.03" ProductionMultiplier="2.12" HuntCurrency="75" ActivityScoreToUnlock="10" />
    <Slot EnemiesLevelOverride="52" MagicFindOffset="12" ItemQuantityMultiplier="1.04" ProductionMultiplier="2.15" HuntCurrency="78" ActivityScoreToUnlock="10" />
    <Slot EnemiesLevelOverride="55" MagicFindOffset="15" ItemQuantityMultiplier="1.05" ProductionMultiplier="3.18" HuntCurrency="87" ActivityScoreToUnlock="10" />
    <Slot EnemiesLevelOverride="58" MagicFindOffset="18" ItemQuantityMultiplier="1.06" ProductionMultiplier="3.21" HuntCurrency="93" ActivityScoreToUnlock="10" />
    <Slot EnemiesLevelOverride="61" MagicFindOffset="21" ItemQuantityMultiplier="1.07" ProductionMultiplier="3.24" HuntCurrency="99" ActivityScoreToUnlock="11" />
    <Slot EnemiesLevelOverride="64" MagicFindOffset="24" ItemQuantityMultiplier="1.08" ProductionMultiplier="4.27" HuntCurrency="105" ActivityScoreToUnlock="11" />
    <Slot EnemiesLevelOverride="67" MagicFindOffset="27" ItemQuantityMultiplier="1.09" ProductionMultiplier="4.30" HuntCurrency="111" ActivityScoreToUnlock="11" />
  </LevelOffsetMode>
  <LevelOffsetMode Rule="RuleTier3" UnlockLevel="10" UIName="@ui_adventure_mode_level_selection_hard_mode" ExpeditionMapImagePath="../u_resources/expedition/difficulty_shields/Shield_Tier3.png">
    <Slot EnemiesLevelOverride="70" MagicFindOffset="30" ItemQuantityMultiplier="1.10" ProductionMultiplier="5.33" HuntCurrency="120" ActivityScoreToUnlock="12" />
    <Slot EnemiesLevelOverride="73" MagicFindOffset="33" ItemQuantityMultiplier="1.11" ProductionMultiplier="5.36" HuntCurrency="126" ActivityScoreToUnlock="12" />
    <Slot EnemiesLevelOverride="76" MagicFindOffset="36" ItemQuantityMultiplier="1.12" ProductionMultiplier="5.39" HuntCurrency="132" ActivityScoreToUnlock="12" />
    <Slot EnemiesLevelOverride="79" MagicFindOffset="39" ItemQuantityMultiplier="1.13" ProductionMultiplier="5.42" HuntCurrency="141" ActivityScoreToUnlock="13" />
    <Slot EnemiesLevelOverride="82" MagicFindOffset="42" ItemQuantityMultiplier="1.14" ProductionMultiplier="5.45" HuntCurrency="150" ActivityScoreToUnlock="13" />
    <Slot EnemiesLevelOverride="85" MagicFindOffset="45" ItemQuantityMultiplier="1.15" ProductionMultiplier="8.48" HuntCurrency="156" ActivityScoreToUnlock="13" />
    <Slot EnemiesLevelOverride="88" MagicFindOffset="48" ItemQuantityMultiplier="1.16" ProductionMultiplier="8.51" HuntCurrency="165" ActivityScoreToUnlock="13" />
    <Slot EnemiesLevelOverride="91" MagicFindOffset="51" ItemQuantityMultiplier="1.17" ProductionMultiplier="8.54" HuntCurrency="174" ActivityScoreToUnlock="14" />
    <Slot EnemiesLevelOverride="94" MagicFindOffset="54" ItemQuantityMultiplier="1.18" ProductionMultiplier="8.57" HuntCurrency="180" ActivityScoreToUnlock="14" />
    <Slot EnemiesLevelOverride="97" MagicFindOffset="57" ItemQuantityMultiplier="1.19" ProductionMultiplier="8.60" HuntCurrency="189" ActivityScoreToUnlock="14" />
  </LevelOffsetMode>
  <LevelOffsetMode Rule="RuleTier4" UnlockLevel="10" UIName="@ui_adventure_mode_level_selection_03" ExpeditionMapImagePath="../u_resources/expedition/difficulty_shields/Shield_Tier4.png">
    <Slot EnemiesLevelOverride="100" MagicFindOffset="60" ItemQuantityMultiplier="1.20" ProductionMultiplier="10.63" HuntCurrency="198" ActivityScoreToUnlock="15" />
    <Slot EnemiesLevelOverride="103" MagicFindOffset="63" ItemQuantityMultiplier="1.21" ProductionMultiplier="10.67" HuntCurrency="207" ActivityScoreToUnlock="15" />
    <Slot EnemiesLevelOverride="106" MagicFindOffset="66" ItemQuantityMultiplier="1.22" ProductionMultiplier="10.70" HuntCurrency="216" ActivityScoreToUnlock="15" />
    <Slot EnemiesLevelOverride="109" MagicFindOffset="69" ItemQuantityMultiplier="1.23" ProductionMultiplier="10.73" HuntCurrency="225" ActivityScoreToUnlock="16" />
    <Slot EnemiesLevelOverride="112" MagicFindOffset="72" ItemQuantityMultiplier="1.24" ProductionMultiplier="10.77" HuntCurrency="234" ActivityScoreToUnlock="16" />
    <Slot EnemiesLevelOverride="115" MagicFindOffset="75" ItemQuantityMultiplier="1.25" ProductionMultiplier="12.80" HuntCurrency="243" ActivityScoreToUnlock="16" />
    <Slot EnemiesLevelOverride="118" MagicFindOffset="78" ItemQuantityMultiplier="1.26" ProductionMultiplier="12.84" HuntCurrency="252" ActivityScoreToUnlock="16" />
    <Slot EnemiesLevelOverride="121" MagicFindOffset="81" ItemQuantityMultiplier="1.27" ProductionMultiplier="12.88" HuntCurrency="261" ActivityScoreToUnlock="17" />
    <Slot EnemiesLevelOverride="124" MagicFindOffset="84" ItemQuantityMultiplier="1.28" ProductionMultiplier="12.92" HuntCurrency="273" ActivityScoreToUnlock="17" />
    <Slot EnemiesLevelOverride="127" MagicFindOffset="87" ItemQuantityMultiplier="1.29" ProductionMultiplier="12.96" HuntCurrency="282" ActivityScoreToUnlock="17" />
  </LevelOffsetMode>
  <LevelOffsetMode Rule="RuleTier5" UnlockLevel="10" UIName="@ui_adventure_mode_level_selection_04" ExpeditionMapImagePath="../u_resources/expedition/difficulty_shields/Shield_Tier5.png">
    <Slot EnemiesLevelOverride="130" MagicFindOffset="90" ItemQuantityMultiplier="1.30" ProductionMultiplier="13.01" HuntCurrency="291" ActivityScoreToUnlock="18" />
    <Slot EnemiesLevelOverride="133" MagicFindOffset="93" ItemQuantityMultiplier="1.31" ProductionMultiplier="13.04" HuntCurrency="303" ActivityScoreToUnlock="18" />
    <Slot EnemiesLevelOverride="136" MagicFindOffset="96" ItemQuantityMultiplier="1.32" ProductionMultiplier="13.07" HuntCurrency="312" ActivityScoreToUnlock="18" />
    <Slot EnemiesLevelOverride="139" MagicFindOffset="99" ItemQuantityMultiplier="1.33" ProductionMultiplier="13.10" HuntCurrency="324" ActivityScoreToUnlock="19" />
    <Slot EnemiesLevelOverride="142" MagicFindOffset="102" ItemQuantityMultiplier="1.34" ProductionMultiplier="13.13" HuntCurrency="333" ActivityScoreToUnlock="19" />
    <Slot EnemiesLevelOverride="145" MagicFindOffset="105" ItemQuantityMultiplier="1.35" ProductionMultiplier="14.16" HuntCurrency="345" ActivityScoreToUnlock="19" />
    <Slot EnemiesLevelOverride="148" MagicFindOffset="108" ItemQuantityMultiplier="1.36" ProductionMultiplier="14.20" HuntCurrency="354" ActivityScoreToUnlock="19" />
    <Slot EnemiesLevelOverride="151" MagicFindOffset="111" ItemQuantityMultiplier="1.37" ProductionMultiplier="14.24" HuntCurrency="366" ActivityScoreToUnlock="20" />
    <Slot EnemiesLevelOverride="154" MagicFindOffset="114" ItemQuantityMultiplier="1.38" ProductionMultiplier="14.27" HuntCurrency="375" ActivityScoreToUnlock="20" />
    <Slot EnemiesLevelOverride="157" MagicFindOffset="117" ItemQuantityMultiplier="1.39" ProductionMultiplier="14.30" HuntCurrency="387" ActivityScoreToUnlock="20" />
  </LevelOffsetMode>
  <LevelOffsetMode Rule="RuleTier6" UnlockLevel="10" UIName="@ui_adventure_mode_level_selection_05" ExpeditionMapImagePath="../u_resources/expedition/difficulty_shields/Shield_Tier6.png">
    <Slot EnemiesLevelOverride="160" MagicFindOffset="120" ItemQuantityMultiplier="1.40" ProductionMultiplier="15.33" HuntCurrency="399" ActivityScoreToUnlock="21" />
    <Slot EnemiesLevelOverride="163" MagicFindOffset="123" ItemQuantityMultiplier="1.41" ProductionMultiplier="15.37" HuntCurrency="411" ActivityScoreToUnlock="21" />
    <Slot EnemiesLevelOverride="166" MagicFindOffset="126" ItemQuantityMultiplier="1.42" ProductionMultiplier="15.41" HuntCurrency="423" ActivityScoreToUnlock="21" />
    <Slot EnemiesLevelOverride="169" MagicFindOffset="129" ItemQuantityMultiplier="1.43" ProductionMultiplier="15.45" HuntCurrency="432" ActivityScoreToUnlock="22" />
    <Slot EnemiesLevelOverride="172" MagicFindOffset="132" ItemQuantityMultiplier="1.44" ProductionMultiplier="15.48" HuntCurrency="444" ActivityScoreToUnlock="22" />
    <Slot EnemiesLevelOverride="175" MagicFindOffset="135" ItemQuantityMultiplier="1.45" ProductionMultiplier="15.52" HuntCurrency="456" ActivityScoreToUnlock="22" />
    <Slot EnemiesLevelOverride="178" MagicFindOffset="138" ItemQuantityMultiplier="1.46" ProductionMultiplier="16.57" HuntCurrency="468" ActivityScoreToUnlock="22" />
    <Slot EnemiesLevelOverride="181" MagicFindOffset="141" ItemQuantityMultiplier="1.47" ProductionMultiplier="16.62" HuntCurrency="480" ActivityScoreToUnlock="23" />
    <Slot EnemiesLevelOverride="184" MagicFindOffset="144" ItemQuantityMultiplier="1.48" ProductionMultiplier="16.66" HuntCurrency="492" ActivityScoreToUnlock="23" />
    <Slot EnemiesLevelOverride="187" MagicFindOffset="147" ItemQuantityMultiplier="1.49" ProductionMultiplier="16.70" HuntCurrency="504" ActivityScoreToUnlock="23" />
  </LevelOffsetMode>
  <LevelOffsetMode Rule="RuleTier7" UnlockLevel="10" UIName="@ui_adventure_mode_level_selection_06" ExpeditionMapImagePath="../u_resources/expedition/difficulty_shields/Shield_Tier7.png">
    <Slot EnemiesLevelOverride="190" MagicFindOffset="150" ItemQuantityMultiplier="1.50" ProductionMultiplier="16.73" HuntCurrency="516" ActivityScoreToUnlock="24" />
    <Slot EnemiesLevelOverride="193" MagicFindOffset="153" ItemQuantityMultiplier="1.51" ProductionMultiplier="16.76" HuntCurrency="531" ActivityScoreToUnlock="24" />
    <Slot EnemiesLevelOverride="196" MagicFindOffset="156" ItemQuantityMultiplier="1.52" ProductionMultiplier="16.80" HuntCurrency="543" ActivityScoreToUnlock="24" />
    <Slot EnemiesLevelOverride="199" MagicFindOffset="159" ItemQuantityMultiplier="1.53" ProductionMultiplier="16.83" HuntCurrency="555" ActivityScoreToUnlock="25" />
    <Slot EnemiesLevelOverride="202" MagicFindOffset="162" ItemQuantityMultiplier="1.54" ProductionMultiplier="16.87" HuntCurrency="567" ActivityScoreToUnlock="25" />
    <Slot EnemiesLevelOverride="205" MagicFindOffset="165" ItemQuantityMultiplier="1.55" ProductionMultiplier="20.90" HuntCurrency="582" ActivityScoreToUnlock="25" />
    <Slot EnemiesLevelOverride="208" MagicFindOffset="168" ItemQuantityMultiplier="1.56" ProductionMultiplier="20.94" HuntCurrency="594" ActivityScoreToUnlock="25" />
    <Slot EnemiesLevelOverride="211" MagicFindOffset="171" ItemQuantityMultiplier="1.57" ProductionMultiplier="20.98" HuntCurrency="606" ActivityScoreToUnlock="26" />
    <Slot EnemiesLevelOverride="214" MagicFindOffset="174" ItemQuantityMultiplier="1.58" ProductionMultiplier="30.01" HuntCurrency="621" ActivityScoreToUnlock="26" />
    <Slot EnemiesLevelOverride="217" MagicFindOffset="177" ItemQuantityMultiplier="1.59" ProductionMultiplier="30.05" HuntCurrency="633" ActivityScoreToUnlock="26" />
  </LevelOffsetMode>
    <QuestReward Level="1" GoldReward="1100" XPReward="100"/>
    <QuestReward Level="2" GoldReward="1200" XPReward="400"/>
    <QuestReward Level="3" GoldReward="1300" XPReward="900"/>
    <QuestReward Level="4" GoldReward="1400" XPReward="1600"/>
    <QuestReward Level="5" GoldReward="1500" XPReward="2500"/>
    <QuestReward Level="6" GoldReward="1600" XPReward="3600"/>
    <QuestReward Level="7" GoldReward="1700" XPReward="4900"/>
    <QuestReward Level="8" GoldReward="1800" XPReward="6400"/>
    <QuestReward Level="9" GoldReward="1900" XPReward="8100"/>
    <QuestReward Level="10" GoldReward="11000" XPReward="10000"/>
    <QuestReward Level="11" GoldReward="11038" XPReward="12100"/>
    <QuestReward Level="12" GoldReward="11080" XPReward="14400"/>
    <QuestReward Level="13" GoldReward="11125" XPReward="16900"/>
    <QuestReward Level="14" GoldReward="11174" XPReward="19600"/>
    <QuestReward Level="15" GoldReward="11226" XPReward="22500"/>
    <QuestReward Level="16" GoldReward="11282" XPReward="25600"/>
    <QuestReward Level="17" GoldReward="11341" XPReward="28900"/>
    <QuestReward Level="18" GoldReward="11404" XPReward="32400"/>
    <QuestReward Level="19" GoldReward="11470" XPReward="36100"/>
    <QuestReward Level="20" GoldReward="11540" XPReward="40000"/>
    <QuestReward Level="21" GoldReward="11613" XPReward="44100"/>
    <QuestReward Level="22" GoldReward="11690" XPReward="48400"/>
    <QuestReward Level="23" GoldReward="11770" XPReward="52900"/>
    <QuestReward Level="24" GoldReward="11854" XPReward="57600"/>
    <QuestReward Level="25" GoldReward="11941" XPReward="62500"/>
    <QuestReward Level="26" GoldReward="12032" XPReward="67600"/>
    <QuestReward Level="27" GoldReward="12126" XPReward="72900"/>
    <QuestReward Level="28" GoldReward="12224" XPReward="78400"/>
    <QuestReward Level="29" GoldReward="12325" XPReward="84100"/>
    <QuestReward Level="30" GoldReward="12430" XPReward="90000"/>
    <QuestReward Level="31" GoldReward="12538" XPReward="96100"/>
    <QuestReward Level="32" GoldReward="12650" XPReward="102400"/>
    <QuestReward Level="33" GoldReward="12765" XPReward="108900"/>
    <QuestReward Level="34" GoldReward="12884" XPReward="115600"/>
    <QuestReward Level="35" GoldReward="13006" XPReward="122500"/>
    <QuestReward Level="36" GoldReward="13132" XPReward="129600"/>
    <QuestReward Level="37" GoldReward="13261" XPReward="136900"/>
    <QuestReward Level="38" GoldReward="13394" XPReward="144400"/>
    <QuestReward Level="39" GoldReward="13530" XPReward="152100"/>
    <QuestReward Level="40" GoldReward="13670" XPReward="160000"/>
    <QuestReward Level="41" GoldReward="13813" XPReward="168100"/>
    <QuestReward Level="42" GoldReward="13960" XPReward="176400"/>
    <QuestReward Level="43" GoldReward="14110" XPReward="184900"/>
    <QuestReward Level="44" GoldReward="14264" XPReward="193600"/>
    <QuestReward Level="45" GoldReward="14421" XPReward="202500"/>
    <QuestReward Level="46" GoldReward="14582" XPReward="211600"/>
    <QuestReward Level="47" GoldReward="14746" XPReward="220900"/>
    <QuestReward Level="48" GoldReward="14914" XPReward="230400"/>
    <QuestReward Level="49" GoldReward="15085" XPReward="240100"/>
    <QuestReward Level="50" GoldReward="15260" XPReward="250000"/>
    <QuestReward Level="51" GoldReward="15438" XPReward="260100"/>
    <QuestReward Level="52" GoldReward="15620" XPReward="270400"/>
    <QuestReward Level="53" GoldReward="15805" XPReward="280900"/>
    <QuestReward Level="54" GoldReward="15994" XPReward="291600"/>
    <QuestReward Level="55" GoldReward="16186" XPReward="302500"/>
    <QuestReward Level="56" GoldReward="16382" XPReward="313600"/>
    <QuestReward Level="57" GoldReward="16581" XPReward="324900"/>
    <QuestReward Level="58" GoldReward="16784" XPReward="336400"/>
    <QuestReward Level="59" GoldReward="16990" XPReward="348100"/>
    <QuestReward Level="60" GoldReward="17200" XPReward="360000"/>
    <QuestReward Level="61" GoldReward="17212" XPReward="372100"/>
    <QuestReward Level="62" GoldReward="17224" XPReward="384400"/>
    <QuestReward Level="63" GoldReward="17236" XPReward="396900"/>
    <QuestReward Level="64" GoldReward="17248" XPReward="409600"/>
    <QuestReward Level="65" GoldReward="17261" XPReward="422500"/>
    <QuestReward Level="66" GoldReward="17274" XPReward="435600"/>
    <QuestReward Level="67" GoldReward="17287" XPReward="448900"/>
    <QuestReward Level="68" GoldReward="17300" XPReward="462400"/>
    <QuestReward Level="69" GoldReward="17313" XPReward="476100"/>
    <QuestReward Level="70" GoldReward="17327" XPReward="490000"/>
    <QuestReward Level="71" GoldReward="17341" XPReward="500000"/>
    <QuestReward Level="72" GoldReward="17355" XPReward="500000"/>
    <QuestReward Level="73" GoldReward="17369" XPReward="500000"/>
    <QuestReward Level="74" GoldReward="17383" XPReward="500000"/>
    <QuestReward Level="75" GoldReward="17398" XPReward="500000"/>
    <QuestReward Level="76" GoldReward="17413" XPReward="500000"/>
    <QuestReward Level="77" GoldReward="17428" XPReward="500000"/>
    <QuestReward Level="78" GoldReward="17443" XPReward="500000"/>
    <QuestReward Level="79" GoldReward="17458" XPReward="500000"/>
    <QuestReward Level="80" GoldReward="117474" XPReward="500000"/>
    <QuestReward Level="81" GoldReward="117490" XPReward="500000"/>
    <QuestReward Level="82" GoldReward="117506" XPReward="500000"/>
    <QuestReward Level="83" GoldReward="117522" XPReward="500000"/>
    <QuestReward Level="84" GoldReward="117538" XPReward="500000"/>
    <QuestReward Level="85" GoldReward="117555" XPReward="500000"/>
    <QuestReward Level="86" GoldReward="117572" XPReward="500000"/>
    <QuestReward Level="87" GoldReward="117589" XPReward="500000"/>
    <QuestReward Level="88" GoldReward="117606" XPReward="500000"/>
    <QuestReward Level="89" GoldReward="117623" XPReward="500000"/>
    <QuestReward Level="90" GoldReward="117641" XPReward="500000"/>
    <QuestReward Level="91" GoldReward="117659" XPReward="500000"/>
    <QuestReward Level="92" GoldReward="117677" XPReward="500000"/>
    <QuestReward Level="93" GoldReward="117695" XPReward="500000"/>
    <QuestReward Level="94" GoldReward="117713" XPReward="500000"/>
    <QuestReward Level="95" GoldReward="117732" XPReward="500000"/>
    <QuestReward Level="96" GoldReward="117751" XPReward="500000"/>
    <QuestReward Level="97" GoldReward="117770" XPReward="500000"/>
    <QuestReward Level="98" GoldReward="117789" XPReward="500000"/>
    <QuestReward Level="99" GoldReward="117808" XPReward="500000"/>
    <QuestReward Level="100" GoldReward="117828" XPReward="500000"/>
    <QuestReward Level="101" GoldReward="117848" XPReward="500000"/>
    <QuestReward Level="102" GoldReward="117868" XPReward="500000"/>
    <QuestReward Level="103" GoldReward="117888" XPReward="500000"/>
    <QuestReward Level="104" GoldReward="117908" XPReward="500000"/>
    <QuestReward Level="105" GoldReward="117929" XPReward="500000"/>
    <QuestReward Level="106" GoldReward="117950" XPReward="500000"/>
    <QuestReward Level="107" GoldReward="117971" XPReward="500000"/>
    <QuestReward Level="108" GoldReward="117992" XPReward="500000"/>
    <QuestReward Level="109" GoldReward="118013" XPReward="500000"/>
    <QuestReward Level="110" GoldReward="118035" XPReward="500000"/>
    <QuestReward Level="111" GoldReward="118057" XPReward="500000"/>
    <QuestReward Level="112" GoldReward="118079" XPReward="500000"/>
    <QuestReward Level="113" GoldReward="118101" XPReward="500000"/>
    <QuestReward Level="114" GoldReward="118123" XPReward="500000"/>
    <QuestReward Level="115" GoldReward="118146" XPReward="500000"/>
    <QuestReward Level="116" GoldReward="118169" XPReward="500000"/>
    <QuestReward Level="117" GoldReward="118192" XPReward="500000"/>
    <QuestReward Level="118" GoldReward="118215" XPReward="500000"/>
    <QuestReward Level="119" GoldReward="118238" XPReward="500000"/>
    <QuestReward Level="120" GoldReward="118262" XPReward="500000"/>
    <QuestReward Level="121" GoldReward="118286" XPReward="500000"/>
    <QuestReward Level="122" GoldReward="118310" XPReward="500000"/>
    <QuestReward Level="123" GoldReward="118334" XPReward="500000"/>
    <QuestReward Level="124" GoldReward="118358" XPReward="500000"/>
    <QuestReward Level="125" GoldReward="118383" XPReward="500000"/>
    <QuestReward Level="126" GoldReward="118408" XPReward="500000"/>
    <QuestReward Level="127" GoldReward="118433" XPReward="500000"/>
    <QuestReward Level="128" GoldReward="118458" XPReward="500000"/>
    <QuestReward Level="129" GoldReward="118483" XPReward="500000"/>
    <QuestReward Level="130" GoldReward="118509" XPReward="500000"/>
    <QuestReward Level="131" GoldReward="118535" XPReward="500000"/>
    <QuestReward Level="132" GoldReward="118561" XPReward="500000"/>
    <QuestReward Level="133" GoldReward="118587" XPReward="500000"/>
    <QuestReward Level="134" GoldReward="118613" XPReward="500000"/>
    <QuestReward Level="135" GoldReward="118640" XPReward="500000"/>
    <QuestReward Level="136" GoldReward="118667" XPReward="500000"/>
    <QuestReward Level="137" GoldReward="118694" XPReward="500000"/>
    <QuestReward Level="138" GoldReward="118721" XPReward="500000"/>
    <QuestReward Level="139" GoldReward="118748" XPReward="500000"/>
    <QuestReward Level="140" GoldReward="118776" XPReward="500000"/>
    <QuestReward Level="141" GoldReward="118804" XPReward="500000"/>
    <QuestReward Level="142" GoldReward="118832" XPReward="500000"/>
    <QuestReward Level="143" GoldReward="118860" XPReward="500000"/>
    <QuestReward Level="144" GoldReward="118888" XPReward="500000"/>
    <QuestReward Level="145" GoldReward="118917" XPReward="500000"/>
    <QuestReward Level="146" GoldReward="118946" XPReward="500000"/>
    <QuestReward Level="147" GoldReward="118975" XPReward="500000"/>
    <QuestReward Level="148" GoldReward="119004" XPReward="500000"/>
    <QuestReward Level="149" GoldReward="119033" XPReward="500000"/>
    <QuestReward Level="150" GoldReward="119063" XPReward="500000"/>
    <QuestReward Level="151" GoldReward="119093" XPReward="500000"/>
    <QuestReward Level="152" GoldReward="119123" XPReward="500000"/>
    <QuestReward Level="153" GoldReward="119153" XPReward="500000"/>
    <QuestReward Level="154" GoldReward="119183" XPReward="500000"/>
    <QuestReward Level="155" GoldReward="119214" XPReward="500000"/>
    <QuestReward Level="156" GoldReward="119245" XPReward="500000"/>
    <QuestReward Level="157" GoldReward="119276" XPReward="500000"/>
    <QuestReward Level="158" GoldReward="119307" XPReward="500000"/>
    <QuestReward Level="159" GoldReward="119338" XPReward="500000"/>
    <QuestReward Level="160" GoldReward="119370" XPReward="500000"/>
    <QuestReward Level="161" GoldReward="119402" XPReward="500000"/>
    <QuestReward Level="162" GoldReward="119434" XPReward="500000"/>
    <QuestReward Level="163" GoldReward="119466" XPReward="500000"/>
    <QuestReward Level="164" GoldReward="119498" XPReward="500000"/>
    <QuestReward Level="165" GoldReward="119531" XPReward="500000"/>
    <QuestReward Level="166" GoldReward="119564" XPReward="500000"/>
    <QuestReward Level="167" GoldReward="119597" XPReward="500000"/>
    <QuestReward Level="168" GoldReward="119630" XPReward="500000"/>
    <QuestReward Level="169" GoldReward="119663" XPReward="500000"/>
    <QuestReward Level="170" GoldReward="119697" XPReward="500000"/>
    <QuestReward Level="171" GoldReward="119731" XPReward="500000"/>
    <QuestReward Level="172" GoldReward="119765" XPReward="500000"/>
    <QuestReward Level="173" GoldReward="119799" XPReward="500000"/>
    <QuestReward Level="174" GoldReward="119833" XPReward="500000"/>
    <QuestReward Level="175" GoldReward="119868" XPReward="500000"/>
    <QuestReward Level="176" GoldReward="119903" XPReward="500000"/>
    <QuestReward Level="177" GoldReward="119938" XPReward="500000"/>
    <QuestReward Level="178" GoldReward="119973" XPReward="500000"/>
    <QuestReward Level="179" GoldReward="210008" XPReward="500000"/>
    <QuestReward Level="180" GoldReward="210044" XPReward="5000000"/>
    <QuestReward Level="181" GoldReward="210080" XPReward="5000000"/>
    <QuestReward Level="182" GoldReward="410116" XPReward="5000000"/>
    <QuestReward Level="183" GoldReward="410152" XPReward="5000000"/>
    <QuestReward Level="184" GoldReward="410188" XPReward="5000000"/>
    <QuestReward Level="185" GoldReward="610225" XPReward="5000000"/>
    <QuestReward Level="186" GoldReward="610262" XPReward="5000000"/>
    <QuestReward Level="187" GoldReward="610299" XPReward="5000000"/>
    <QuestReward Level="188" GoldReward="810336" XPReward="5000000"/>
    <QuestReward Level="189" GoldReward="810373" XPReward="5000000"/>
    <QuestReward Level="190" GoldReward="810411" XPReward="5000000"/>
    <QuestReward Level="191" GoldReward="910449" XPReward="5000000"/>
    <QuestReward Level="192" GoldReward="910487" XPReward="5000000"/>
    <QuestReward Level="193" GoldReward="910525" XPReward="5000000"/>
    <QuestReward Level="194" GoldReward="1010563" XPReward="5000000"/>
    <QuestReward Level="195" GoldReward="1110602" XPReward="5000000"/>
    <QuestReward Level="196" GoldReward="1210641" XPReward="5000000"/>
    <QuestReward Level="197" GoldReward="1410680" XPReward="5000000"/>
    <QuestReward Level="198" GoldReward="1610719" XPReward="5000000"/>
    <QuestReward Level="199" GoldReward="1810758" XPReward="5000000"/>
    <QuestReward Level="200" GoldReward="2000000" XPReward="5000000"/>
	<QuestReward Level="201" GoldReward="2133238" XPReward="5000000" />
    <QuestReward Level="202" GoldReward="2303548" XPReward="5000000" />
    <QuestReward Level="203" GoldReward="2473859" XPReward="5000000" />
    <QuestReward Level="204" GoldReward="2644170" XPReward="5000000" />
    <QuestReward Level="205" GoldReward="2814481" XPReward="5000000" />
    <QuestReward Level="206" GoldReward="2984791" XPReward="5000000" />
    <QuestReward Level="207" GoldReward="3155102" XPReward="5000000" />
    <QuestReward Level="208" GoldReward="3325413" XPReward="5000000" />
    <QuestReward Level="209" GoldReward="3495724" XPReward="5000000" />
    <QuestReward Level="210" GoldReward="3666034" XPReward="5000000" />
    <QuestReward Level="211" GoldReward="3836345" XPReward="5000000" />
    <QuestReward Level="212" GoldReward="4006656" XPReward="5000000" />
    <QuestReward Level="213" GoldReward="4176967" XPReward="5000000" />
    <QuestReward Level="214" GoldReward="4347277" XPReward="5000000" />
    <QuestReward Level="215" GoldReward="4517588" XPReward="5000000" />
    <QuestReward Level="216" GoldReward="4687899" XPReward="5000000" />
    <QuestReward Level="217" GoldReward="4858210" XPReward="5000000" />
    <QuestReward Level="218" GoldReward="5028520" XPReward="5000000" />
    <QuestReward Level="219" GoldReward="5198831" XPReward="5000000" />
    <QuestReward Level="220" GoldReward="5369142" XPReward="5000000" />
    <QuestReward Level="221" GoldReward="5539453" XPReward="5000000" />
    <QuestReward Level="222" GoldReward="5709763" XPReward="5000000" />
    <QuestReward Level="223" GoldReward="5880074" XPReward="5000000" />
    <QuestReward Level="224" GoldReward="6050385" XPReward="5000000" />
    <QuestReward Level="225" GoldReward="6220696" XPReward="5000000" />
    <QuestReward Level="226" GoldReward="6391006" XPReward="5000000" />
    <QuestReward Level="227" GoldReward="6561317" XPReward="5000000" />
    <QuestReward Level="228" GoldReward="6731628" XPReward="5000000" />
    <QuestReward Level="229" GoldReward="6901939" XPReward="5000000" />
    <QuestReward Level="230" GoldReward="7072249" XPReward="5000000" />
    <QuestReward Level="231" GoldReward="7242560" XPReward="5000000" />
    <QuestReward Level="232" GoldReward="7412871" XPReward="5000000" />
    <QuestReward Level="233" GoldReward="7583182" XPReward="5000000" />
    <QuestReward Level="234" GoldReward="7753492" XPReward="5000000" />
    <QuestReward Level="235" GoldReward="7923803" XPReward="5000000" />
    <QuestReward Level="236" GoldReward="8094114" XPReward="5000000" />
    <QuestReward Level="237" GoldReward="8264425" XPReward="5000000" />
    <QuestReward Level="238" GoldReward="8434735" XPReward="5000000" />
    <QuestReward Level="239" GoldReward="8605046" XPReward="5000000" />
    <QuestReward Level="240" GoldReward="8775357" XPReward="5000000" />
    <QuestReward Level="241" GoldReward="8945668" XPReward="5000000" />
    <QuestReward Level="242" GoldReward="9115978" XPReward="5000000" />
    <QuestReward Level="243" GoldReward="9286289" XPReward="5000000" />
    <QuestReward Level="244" GoldReward="9456600" XPReward="5000000" />
    <QuestReward Level="245" GoldReward="9626911" XPReward="5000000" />
    <QuestReward Level="246" GoldReward="9797221" XPReward="5000000" />
    <QuestReward Level="247" GoldReward="9967532" XPReward="5000000" />
    <QuestReward Level="248" GoldReward="10137843" XPReward="5000000" />
    <QuestReward Level="249" GoldReward="10308154" XPReward="5000000" />
    <QuestReward Level="250" GoldReward="10478464" XPReward="5000000" />
    <QuestReward Level="251" GoldReward="10648775" XPReward="5000000" />
    <QuestReward Level="252" GoldReward="10819086" XPReward="5000000" />
    <QuestReward Level="253" GoldReward="10989397" XPReward="5000000" />
    <QuestReward Level="254" GoldReward="11159707" XPReward="5000000" />
    <QuestReward Level="255" GoldReward="11330018" XPReward="5000000" />
    <QuestReward Level="256" GoldReward="11500329" XPReward="5000000" />
    <QuestReward Level="257" GoldReward="11670640" XPReward="5000000" />
    <QuestReward Level="258" GoldReward="11840950" XPReward="5000000" />
    <QuestReward Level="259" GoldReward="12011261" XPReward="5000000" />
    <QuestReward Level="260" GoldReward="12181572" XPReward="5000000" />
    <QuestReward Level="261" GoldReward="12351883" XPReward="5000000" />
    <QuestReward Level="262" GoldReward="12522193" XPReward="5000000" />
    <QuestReward Level="263" GoldReward="12692504" XPReward="5000000" />
    <QuestReward Level="264" GoldReward="12862815" XPReward="5000000" />
    <QuestReward Level="265" GoldReward="13033126" XPReward="5000000" />
    <QuestReward Level="266" GoldReward="13203436" XPReward="5000000" />
    <QuestReward Level="267" GoldReward="13373747" XPReward="5000000" />
    <QuestReward Level="268" GoldReward="13544058" XPReward="5000000" />
    <QuestReward Level="269" GoldReward="13714369" XPReward="5000000" />
    <QuestReward Level="270" GoldReward="13884679" XPReward="5000000" />
    <QuestReward Level="271" GoldReward="14054990" XPReward="5000000" />
    <QuestReward Level="272" GoldReward="14225301" XPReward="5000000" />
    <QuestReward Level="273" GoldReward="14395612" XPReward="5000000" />
    <QuestReward Level="274" GoldReward="14565922" XPReward="5000000" />
    <QuestReward Level="275" GoldReward="14736233" XPReward="5000000" />
    <QuestReward Level="276" GoldReward="14906544" XPReward="5000000" />
    <QuestReward Level="277" GoldReward="15076855" XPReward="5000000" />
    <QuestReward Level="278" GoldReward="15247165" XPReward="5000000" />
    <QuestReward Level="279" GoldReward="15417476" XPReward="5000000" />
    <QuestReward Level="280" GoldReward="15587787" XPReward="5000000" />
    <QuestReward Level="281" GoldReward="15758098" XPReward="5000000" />
    <QuestReward Level="282" GoldReward="15928408" XPReward="5000000" />
    <QuestReward Level="283" GoldReward="16098719" XPReward="5000000" />
    <QuestReward Level="284" GoldReward="16269030" XPReward="5000000" />
    <QuestReward Level="285" GoldReward="16439341" XPReward="5000000" />
    <QuestReward Level="286" GoldReward="16609651" XPReward="5000000" />
    <QuestReward Level="287" GoldReward="16779962" XPReward="5000000" />
    <QuestReward Level="288" GoldReward="16950273" XPReward="5000000" />
    <QuestReward Level="289" GoldReward="17120584" XPReward="5000000" />
    <QuestReward Level="290" GoldReward="17290894" XPReward="5000000" />
    <QuestReward Level="291" GoldReward="17461205" XPReward="5000000" />
    <QuestReward Level="292" GoldReward="17631516" XPReward="5000000" />
    <QuestReward Level="293" GoldReward="17801827" XPReward="5000000" />
    <QuestReward Level="294" GoldReward="17972137" XPReward="5000000" />
    <QuestReward Level="295" GoldReward="18142448" XPReward="5000000" />
    <QuestReward Level="296" GoldReward="18312759" XPReward="5000000" />
    <QuestReward Level="297" GoldReward="18483070" XPReward="5000000" />
    <QuestReward Level="298" GoldReward="18653380" XPReward="5000000" />
    <QuestReward Level="299" GoldReward="18823691" XPReward="5000000" />
    <QuestReward Level="300" GoldReward="18994002" XPReward="5000000" />
  </QuestRewards>
  <InfinityMode Rule="RuleInf" EnemiesLevelOverride="217" DifficultyForAttribut="1" DifficultyForPST="50" MaxAttributReward="500" MaxPSTReward="20" MagicFindOffset="1.0" ItemQuantityMultiplier="0.01" ProductionMultiplier="0" HealthMultiplier="0.02" DamageMultiplier="0.005" UIName="@ui_adventure_mode_level_selection_07" ExpeditionMapImagePath="../u_resources/expedition/difficulty_shields/Shield_Tier8.png" />
</MetaData>