<Metadata>
  <Unique MinPrefix="4" MaxPrefix="4" MinSuffix="4" MaxSuffix="4" SocketChance="100" UniqueSocketChance="0">
    <Suffix Number="4" Frequency="100" />
  </Unique>
  <Legendary MinPrefix="4" MaxPrefix="4" MinSuffix="4" MaxSuffix="4" SocketChance="100" UniqueSocketChance="0">
    <Suffix Number="4" Frequency="100" />
  </Legendary>
  <Rare MinPrefix="3" MaxPrefix="3" MinSuffix="3" MaxSuffix="4" SocketChance="75" UniqueSocketChance="0">
    <Suffix Number="3" Frequency="70" />
    <Suffix Number="4" Frequency="30" />
  </Rare>
  <Magic MinPrefix="1" MaxPrefix="1" MinSuffix="0" MaxSuffix="1" SocketChance="0" UniqueSocketChance="0">
    <Suffix Number="0" Frequency="50" />
    <Suffix Number="1" Frequency="50" />
  </Magic>
</Metadata>