<MetaData>
  <LootClass Name="LC_Random_Armor">
    <Pick Value="1" />
    <Level Value="1" />
    <Rarity>
      <RarityAtLevel Level="1" Normal="10" Magic="1" Rare="0" />
      <RarityAtLevel Level="12" Normal="10" Magic="10" Rare="1" />
      <RarityAtLevel Level="20" Normal="99" Magic="600" Rare="300" Legendary="1" />
      <RarityAtLevel Level="32" Normal="0" Magic="0" Rare="450" Legendary="10" />
      <RarityAtLevel Level="45" Normal="0" Magic="0" Rare="700" Legendary="15" />
      <RarityAtLevel Level="60" Normal="0" Magic="0" Rare="499" Legendary="30" />
      <RarityAtLevel Level="90" Normal="0" Magic="0" Rare="490" Legendary="35" />
    </Rarity>
    <NoDrop Value="0" />
    <Loot>
      <Item MaxLevel="4" MinLevel="1" Name="Mage_ChestArmor_Tier1" Weight="1" />
      <Item MaxLevel="4" MinLevel="1" Name="Mage_Glove_Tier1" Weight="1" />
      <Item MaxLevel="4" MinLevel="2" Name="Mage_Pants_Tier1" Weight="1" />
      <Item MaxLevel="4" MinLevel="2" Name="Mage_Boots_Tier1" Weight="1" />
      <Item MaxLevel="4" MinLevel="3" Name="Mage_Helmet_Tier1" Weight="1" />
      <Item MaxLevel="4" MinLevel="3" Name="Mage_Pauldron_Tier1" Weight="1" />
      <Item MaxLevel="8" MinLevel="5" Name="Mage_ChestArmor_Tier2" Weight="1" />
      <Item MaxLevel="8" MinLevel="5" Name="Mage_Glove_Tier2" Weight="1" />
      <Item MaxLevel="8" MinLevel="5" Name="Mage_Pants_Tier2" Weight="1" />
      <Item MaxLevel="8" MinLevel="5" Name="Mage_Boots_Tier2" Weight="1" />
      <Item MaxLevel="8" MinLevel="5" Name="Mage_Helmet_Tier2" Weight="1" />
      <Item MaxLevel="8" MinLevel="5" Name="Mage_Pauldron_Tier2" Weight="1" />
      <Item MaxLevel="12" MinLevel="9" Name="Mage_ChestArmor_Tier3" Weight="1" />
      <Item MaxLevel="12" MinLevel="9" Name="Mage_Glove_Tier3" Weight="1" />
      <Item MaxLevel="12" MinLevel="9" Name="Mage_Pants_Tier3" Weight="1" />
      <Item MaxLevel="12" MinLevel="9" Name="Mage_Boots_Tier3" Weight="1" />
      <Item MaxLevel="12" MinLevel="9" Name="Mage_Helmet_Tier3" Weight="1" />
      <Item MaxLevel="12" MinLevel="9" Name="Mage_Pauldron_Tier3" Weight="1" />
      <Item MaxLevel="16" MinLevel="13" Name="Mage_ChestArmor_Tier4" Weight="1" />
      <Item MaxLevel="16" MinLevel="13" Name="Mage_Glove_Tier4" Weight="1" />
      <Item MaxLevel="16" MinLevel="13" Name="Mage_Pants_Tier4" Weight="1" />
      <Item MaxLevel="16" MinLevel="13" Name="Mage_Boots_Tier4" Weight="1" />
      <Item MaxLevel="16" MinLevel="13" Name="Mage_Helmet_Tier4" Weight="1" />
      <Item MaxLevel="16" MinLevel="13" Name="Mage_Pauldron_Tier4" Weight="1" />
      <Item MaxLevel="20" MinLevel="17" Name="Mage_ChestArmor_Tier5" Weight="1" />
      <Item MaxLevel="20" MinLevel="17" Name="Mage_Glove_Tier5" Weight="1" />
      <Item MaxLevel="20" MinLevel="17" Name="Mage_Pants_Tier5" Weight="1" />
      <Item MaxLevel="20" MinLevel="17" Name="Mage_Boots_Tier5" Weight="1" />
      <Item MaxLevel="20" MinLevel="17" Name="Mage_Helmet_Tier5" Weight="1" />
      <Item MaxLevel="20" MinLevel="17" Name="Mage_Pauldron_Tier5" Weight="1" />
      <Item MaxLevel="24" MinLevel="21" Name="Mage_ChestArmor_Tier6" Weight="1" />
      <Item MaxLevel="24" MinLevel="21" Name="Mage_Glove_Tier6" Weight="1" />
      <Item MaxLevel="24" MinLevel="21" Name="Mage_Pants_Tier6" Weight="1" />
      <Item MaxLevel="24" MinLevel="21" Name="Mage_Boots_Tier6" Weight="1" />
      <Item MaxLevel="24" MinLevel="21" Name="Mage_Helmet_Tier6" Weight="1" />
      <Item MaxLevel="24" MinLevel="21" Name="Mage_Pauldron_Tier6" Weight="1" />
      <Item MaxLevel="28" MinLevel="25" Name="Mage_ChestArmor_Tier7" Weight="1" />
      <Item MaxLevel="28" MinLevel="25" Name="Mage_Glove_Tier7" Weight="1" />
      <Item MaxLevel="28" MinLevel="25" Name="Mage_Pants_Tier7" Weight="1" />
      <Item MaxLevel="28" MinLevel="25" Name="Mage_Boots_Tier7" Weight="1" />
      <Item MaxLevel="28" MinLevel="25" Name="Mage_Helmet_Tier7" Weight="1" />
      <Item MaxLevel="28" MinLevel="25" Name="Mage_Pauldron_Tier7" Weight="1" />
      <Item MaxLevel="32" MinLevel="29" Name="Mage_ChestArmor_Tier8" Weight="1" />
      <Item MaxLevel="32" MinLevel="29" Name="Mage_Glove_Tier8" Weight="1" />
      <Item MaxLevel="32" MinLevel="29" Name="Mage_Pants_Tier8" Weight="1" />
      <Item MaxLevel="32" MinLevel="29" Name="Mage_Boots_Tier8" Weight="1" />
      <Item MaxLevel="32" MinLevel="29" Name="Mage_Helmet_Tier8" Weight="1" />
      <Item MaxLevel="32" MinLevel="29" Name="Mage_Pauldron_Tier8" Weight="1" />
      <Item MaxLevel="36" MinLevel="33" Name="Mage_ChestArmor_Tier9" Weight="1" />
      <Item MaxLevel="36" MinLevel="33" Name="Mage_Glove_Tier9" Weight="1" />
      <Item MaxLevel="36" MinLevel="33" Name="Mage_Pants_Tier9" Weight="1" />
      <Item MaxLevel="36" MinLevel="33" Name="Mage_Boots_Tier9" Weight="1" />
      <Item MaxLevel="36" MinLevel="33" Name="Mage_Helmet_Tier9" Weight="1" />
      <Item MaxLevel="36" MinLevel="33" Name="Mage_Pauldron_Tier9" Weight="1" />
      <Item MaxLevel="40" MinLevel="37" Name="Mage_ChestArmor_Tier10" Weight="1" />
      <Item MaxLevel="40" MinLevel="37" Name="Mage_Glove_Tier10" Weight="1" />
      <Item MaxLevel="40" MinLevel="37" Name="Mage_Pants_Tier10" Weight="1" />
      <Item MaxLevel="40" MinLevel="37" Name="Mage_Boots_Tier10" Weight="1" />
      <Item MaxLevel="40" MinLevel="37" Name="Mage_Helmet_Tier10" Weight="1" />
      <Item MaxLevel="40" MinLevel="37" Name="Mage_Pauldron_Tier10" Weight="1" />
      <Item MaxLevel="45" MinLevel="41" Name="Mage_ChestArmor_Tier11" Weight="1" />
      <Item MaxLevel="45" MinLevel="41" Name="Mage_Glove_Tier11" Weight="1" />
      <Item MaxLevel="45" MinLevel="41" Name="Mage_Pants_Tier11" Weight="1" />
      <Item MaxLevel="45" MinLevel="41" Name="Mage_Boots_Tier11" Weight="1" />
      <Item MaxLevel="45" MinLevel="41" Name="Mage_Helmet_Tier11" Weight="1" />
      <Item MaxLevel="45" MinLevel="41" Name="Mage_Pauldron_Tier11" Weight="1" />
      <Item MaxLevel="51" MinLevel="46" Name="Mage_ChestArmor_Tier12" Weight="1" />
      <Item MaxLevel="51" MinLevel="46" Name="Mage_Glove_Tier12" Weight="1" />
      <Item MaxLevel="51" MinLevel="46" Name="Mage_Pants_Tier12" Weight="1" />
      <Item MaxLevel="51" MinLevel="46" Name="Mage_Boots_Tier12" Weight="1" />
      <Item MaxLevel="51" MinLevel="46" Name="Mage_Helmet_Tier12" Weight="1" />
      <Item MaxLevel="51" MinLevel="46" Name="Mage_Pauldron_Tier12" Weight="1" />
      <Item MaxLevel="57" MinLevel="52" Name="Mage_ChestArmor_Tier13" Weight="1" />
      <Item MaxLevel="57" MinLevel="52" Name="Mage_Glove_Tier13" Weight="1" />
      <Item MaxLevel="57" MinLevel="52" Name="Mage_Pants_Tier13" Weight="1" />
      <Item MaxLevel="57" MinLevel="52" Name="Mage_Boots_Tier13" Weight="1" />
      <Item MaxLevel="57" MinLevel="52" Name="Mage_Helmet_Tier13" Weight="1" />
      <Item MaxLevel="57" MinLevel="52" Name="Mage_Pauldron_Tier13" Weight="1" />
      <Item MaxLevel="63" MinLevel="58" Name="Mage_ChestArmor_Tier14" Weight="1" />
      <Item MaxLevel="63" MinLevel="58" Name="Mage_Glove_Tier14" Weight="1" />
      <Item MaxLevel="63" MinLevel="58" Name="Mage_Pants_Tier14" Weight="1" />
      <Item MaxLevel="63" MinLevel="58" Name="Mage_Boots_Tier14" Weight="1" />
      <Item MaxLevel="63" MinLevel="58" Name="Mage_Helmet_Tier14" Weight="1" />
      <Item MaxLevel="63" MinLevel="58" Name="Mage_Pauldron_Tier14" Weight="1" />
      <Item MaxLevel="69" MinLevel="64" Name="Mage_ChestArmor_Tier15" Weight="1" />
      <Item MaxLevel="69" MinLevel="64" Name="Mage_Glove_Tier15" Weight="1" />
      <Item MaxLevel="69" MinLevel="64" Name="Mage_Pants_Tier15" Weight="1" />
      <Item MaxLevel="69" MinLevel="64" Name="Mage_Boots_Tier15" Weight="1" />
      <Item MaxLevel="69" MinLevel="64" Name="Mage_Helmet_Tier15" Weight="1" />
      <Item MaxLevel="69" MinLevel="64" Name="Mage_Pauldron_Tier15" Weight="1" />
      <Item MaxLevel="300" MinLevel="70" Name="Mage_ChestArmor_Tier16" Weight="1" />
      <Item MaxLevel="300" MinLevel="70" Name="Mage_Glove_Tier16" Weight="1" />
      <Item MaxLevel="300" MinLevel="70" Name="Mage_Pants_Tier16" Weight="1" />
      <Item MaxLevel="300" MinLevel="70" Name="Mage_Boots_Tier16" Weight="1" />
      <Item MaxLevel="300" MinLevel="70" Name="Mage_Helmet_Tier16" Weight="1" />
      <Item MaxLevel="300" MinLevel="70" Name="Mage_Pauldron_Tier16" Weight="1" />
      <Item MaxLevel="4" MinLevel="1" Name="Warrior_ChestArmor_Tier1" Weight="1" />
      <Item MaxLevel="4" MinLevel="1" Name="Warrior_Glove_Tier1" Weight="1" />
      <Item MaxLevel="4" MinLevel="2" Name="Warrior_Pants_Tier1" Weight="1" />
      <Item MaxLevel="4" MinLevel="2" Name="Warrior_Boots_Tier1" Weight="1" />
      <Item MaxLevel="4" MinLevel="3" Name="Warrior_Helmet_Tier1" Weight="1" />
      <Item MaxLevel="4" MinLevel="3" Name="Warrior_Pauldron_Tier1" Weight="1" />
      <Item MaxLevel="8" MinLevel="5" Name="Warrior_ChestArmor_Tier2" Weight="1" />
      <Item MaxLevel="8" MinLevel="5" Name="Warrior_Glove_Tier2" Weight="1" />
      <Item MaxLevel="8" MinLevel="5" Name="Warrior_Pants_Tier2" Weight="1" />
      <Item MaxLevel="8" MinLevel="5" Name="Warrior_Boots_Tier2" Weight="1" />
      <Item MaxLevel="8" MinLevel="5" Name="Warrior_Helmet_Tier2" Weight="1" />
      <Item MaxLevel="8" MinLevel="5" Name="Warrior_Pauldron_Tier2" Weight="1" />
      <Item MaxLevel="12" MinLevel="9" Name="Warrior_ChestArmor_Tier3" Weight="1" />
      <Item MaxLevel="12" MinLevel="9" Name="Warrior_Glove_Tier3" Weight="1" />
      <Item MaxLevel="12" MinLevel="9" Name="Warrior_Pants_Tier3" Weight="1" />
      <Item MaxLevel="12" MinLevel="9" Name="Warrior_Boots_Tier3" Weight="1" />
      <Item MaxLevel="12" MinLevel="9" Name="Warrior_Helmet_Tier3" Weight="1" />
      <Item MaxLevel="12" MinLevel="9" Name="Warrior_Pauldron_Tier3" Weight="1" />
      <Item MaxLevel="16" MinLevel="13" Name="Warrior_ChestArmor_Tier4" Weight="1" />
      <Item MaxLevel="16" MinLevel="13" Name="Warrior_Glove_Tier4" Weight="1" />
      <Item MaxLevel="16" MinLevel="13" Name="Warrior_Pants_Tier4" Weight="1" />
      <Item MaxLevel="16" MinLevel="13" Name="Warrior_Boots_Tier4" Weight="1" />
      <Item MaxLevel="16" MinLevel="13" Name="Warrior_Helmet_Tier4" Weight="1" />
      <Item MaxLevel="16" MinLevel="13" Name="Warrior_Pauldron_Tier4" Weight="1" />
      <Item MaxLevel="20" MinLevel="17" Name="Warrior_ChestArmor_Tier5" Weight="1" />
      <Item MaxLevel="20" MinLevel="17" Name="Warrior_Glove_Tier5" Weight="1" />
      <Item MaxLevel="20" MinLevel="17" Name="Warrior_Pants_Tier5" Weight="1" />
      <Item MaxLevel="20" MinLevel="17" Name="Warrior_Boots_Tier5" Weight="1" />
      <Item MaxLevel="20" MinLevel="17" Name="Warrior_Helmet_Tier5" Weight="1" />
      <Item MaxLevel="20" MinLevel="17" Name="Warrior_Pauldron_Tier5" Weight="1" />
      <Item MaxLevel="24" MinLevel="21" Name="Warrior_ChestArmor_Tier6" Weight="1" />
      <Item MaxLevel="24" MinLevel="21" Name="Warrior_Glove_Tier6" Weight="1" />
      <Item MaxLevel="24" MinLevel="21" Name="Warrior_Pants_Tier6" Weight="1" />
      <Item MaxLevel="24" MinLevel="21" Name="Warrior_Boots_Tier6" Weight="1" />
      <Item MaxLevel="24" MinLevel="21" Name="Warrior_Helmet_Tier6" Weight="1" />
      <Item MaxLevel="24" MinLevel="21" Name="Warrior_Pauldron_Tier6" Weight="1" />
      <Item MaxLevel="28" MinLevel="25" Name="Warrior_ChestArmor_Tier7" Weight="1" />
      <Item MaxLevel="28" MinLevel="25" Name="Warrior_Glove_Tier7" Weight="1" />
      <Item MaxLevel="28" MinLevel="25" Name="Warrior_Pants_Tier7" Weight="1" />
      <Item MaxLevel="28" MinLevel="25" Name="Warrior_Boots_Tier7" Weight="1" />
      <Item MaxLevel="28" MinLevel="25" Name="Warrior_Helmet_Tier7" Weight="1" />
      <Item MaxLevel="28" MinLevel="25" Name="Warrior_Pauldron_Tier7" Weight="1" />
      <Item MaxLevel="32" MinLevel="29" Name="Warrior_ChestArmor_Tier8" Weight="1" />
      <Item MaxLevel="32" MinLevel="29" Name="Warrior_Glove_Tier8" Weight="1" />
      <Item MaxLevel="32" MinLevel="29" Name="Warrior_Pants_Tier8" Weight="1" />
      <Item MaxLevel="32" MinLevel="29" Name="Warrior_Boots_Tier8" Weight="1" />
      <Item MaxLevel="32" MinLevel="29" Name="Warrior_Helmet_Tier8" Weight="1" />
      <Item MaxLevel="32" MinLevel="29" Name="Warrior_Pauldron_Tier8" Weight="1" />
      <Item MaxLevel="36" MinLevel="33" Name="Warrior_ChestArmor_Tier9" Weight="1" />
      <Item MaxLevel="36" MinLevel="33" Name="Warrior_Glove_Tier9" Weight="1" />
      <Item MaxLevel="36" MinLevel="33" Name="Warrior_Pants_Tier9" Weight="1" />
      <Item MaxLevel="36" MinLevel="33" Name="Warrior_Boots_Tier9" Weight="1" />
      <Item MaxLevel="36" MinLevel="33" Name="Warrior_Helmet_Tier9" Weight="1" />
      <Item MaxLevel="36" MinLevel="33" Name="Warrior_Pauldron_Tier9" Weight="1" />
      <Item MaxLevel="40" MinLevel="37" Name="Warrior_ChestArmor_Tier10" Weight="1" />
      <Item MaxLevel="40" MinLevel="37" Name="Warrior_Glove_Tier10" Weight="1" />
      <Item MaxLevel="40" MinLevel="37" Name="Warrior_Pants_Tier10" Weight="1" />
      <Item MaxLevel="40" MinLevel="37" Name="Warrior_Boots_Tier10" Weight="1" />
      <Item MaxLevel="40" MinLevel="37" Name="Warrior_Helmet_Tier10" Weight="1" />
      <Item MaxLevel="40" MinLevel="37" Name="Warrior_Pauldron_Tier10" Weight="1" />
      <Item MaxLevel="45" MinLevel="41" Name="Warrior_ChestArmor_Tier11" Weight="1" />
      <Item MaxLevel="45" MinLevel="41" Name="Warrior_Glove_Tier11" Weight="1" />
      <Item MaxLevel="45" MinLevel="41" Name="Warrior_Pants_Tier11" Weight="1" />
      <Item MaxLevel="45" MinLevel="41" Name="Warrior_Boots_Tier11" Weight="1" />
      <Item MaxLevel="45" MinLevel="41" Name="Warrior_Helmet_Tier11" Weight="1" />
      <Item MaxLevel="45" MinLevel="41" Name="Warrior_Pauldron_Tier11" Weight="1" />
      <Item MaxLevel="51" MinLevel="46" Name="Warrior_ChestArmor_Tier12" Weight="1" />
      <Item MaxLevel="51" MinLevel="46" Name="Warrior_Glove_Tier12" Weight="1" />
      <Item MaxLevel="51" MinLevel="46" Name="Warrior_Pants_Tier12" Weight="1" />
      <Item MaxLevel="51" MinLevel="46" Name="Warrior_Boots_Tier12" Weight="1" />
      <Item MaxLevel="51" MinLevel="46" Name="Warrior_Helmet_Tier12" Weight="1" />
      <Item MaxLevel="51" MinLevel="46" Name="Warrior_Pauldron_Tier12" Weight="1" />
      <Item MaxLevel="57" MinLevel="52" Name="Warrior_ChestArmor_Tier13" Weight="1" />
      <Item MaxLevel="57" MinLevel="52" Name="Warrior_Glove_Tier13" Weight="1" />
      <Item MaxLevel="57" MinLevel="52" Name="Warrior_Pants_Tier13" Weight="1" />
      <Item MaxLevel="57" MinLevel="52" Name="Warrior_Boots_Tier13" Weight="1" />
      <Item MaxLevel="57" MinLevel="52" Name="Warrior_Helmet_Tier13" Weight="1" />
      <Item MaxLevel="57" MinLevel="52" Name="Warrior_Pauldron_Tier13" Weight="1" />
      <Item MaxLevel="63" MinLevel="58" Name="Warrior_ChestArmor_Tier14" Weight="1" />
      <Item MaxLevel="63" MinLevel="58" Name="Warrior_Glove_Tier14" Weight="1" />
      <Item MaxLevel="63" MinLevel="58" Name="Warrior_Pants_Tier14" Weight="1" />
      <Item MaxLevel="63" MinLevel="58" Name="Warrior_Boots_Tier14" Weight="1" />
      <Item MaxLevel="63" MinLevel="58" Name="Warrior_Helmet_Tier14" Weight="1" />
      <Item MaxLevel="63" MinLevel="58" Name="Warrior_Pauldron_Tier14" Weight="1" />
      <Item MaxLevel="69" MinLevel="64" Name="Warrior_ChestArmor_Tier15" Weight="1" />
      <Item MaxLevel="69" MinLevel="64" Name="Warrior_Glove_Tier15" Weight="1" />
      <Item MaxLevel="69" MinLevel="64" Name="Warrior_Pants_Tier15" Weight="1" />
      <Item MaxLevel="69" MinLevel="64" Name="Warrior_Boots_Tier15" Weight="1" />
      <Item MaxLevel="69" MinLevel="64" Name="Warrior_Helmet_Tier15" Weight="1" />
      <Item MaxLevel="69" MinLevel="64" Name="Warrior_Pauldron_Tier15" Weight="1" />
      <Item MaxLevel="300" MinLevel="70" Name="Warrior_ChestArmor_Tier16" Weight="1" />
      <Item MaxLevel="300" MinLevel="70" Name="Warrior_Glove_Tier16" Weight="1" />
      <Item MaxLevel="300" MinLevel="70" Name="Warrior_Pants_Tier16" Weight="1" />
      <Item MaxLevel="300" MinLevel="70" Name="Warrior_Boots_Tier16" Weight="1" />
      <Item MaxLevel="300" MinLevel="70" Name="Warrior_Helmet_Tier16" Weight="1" />
      <Item MaxLevel="300" MinLevel="70" Name="Warrior_Pauldron_Tier16" Weight="1" />
      <Item MaxLevel="4" MinLevel="1" Name="Heavy_ChestArmor_Tier1" Weight="1" />
      <Item MaxLevel="4" MinLevel="1" Name="Heavy_Glove_Tier1" Weight="1" />
      <Item MaxLevel="4" MinLevel="2" Name="Heavy_Pants_Tier1" Weight="1" />
      <Item MaxLevel="4" MinLevel="2" Name="Heavy_Boots_Tier1" Weight="1" />
      <Item MaxLevel="4" MinLevel="3" Name="Heavy_Helmet_Tier1" Weight="1" />
      <Item MaxLevel="4" MinLevel="3" Name="Heavy_Pauldron_Tier1" Weight="1" />
      <Item MaxLevel="8" MinLevel="5" Name="Heavy_ChestArmor_Tier2" Weight="1" />
      <Item MaxLevel="8" MinLevel="5" Name="Heavy_Glove_Tier2" Weight="1" />
      <Item MaxLevel="8" MinLevel="5" Name="Heavy_Pants_Tier2" Weight="1" />
      <Item MaxLevel="8" MinLevel="5" Name="Heavy_Boots_Tier2" Weight="1" />
      <Item MaxLevel="8" MinLevel="5" Name="Heavy_Helmet_Tier2" Weight="1" />
      <Item MaxLevel="8" MinLevel="5" Name="Heavy_Pauldron_Tier2" Weight="1" />
      <Item MaxLevel="12" MinLevel="9" Name="Heavy_ChestArmor_Tier3" Weight="1" />
      <Item MaxLevel="12" MinLevel="9" Name="Heavy_Glove_Tier3" Weight="1" />
      <Item MaxLevel="12" MinLevel="9" Name="Heavy_Pants_Tier3" Weight="1" />
      <Item MaxLevel="12" MinLevel="9" Name="Heavy_Boots_Tier3" Weight="1" />
      <Item MaxLevel="12" MinLevel="9" Name="Heavy_Helmet_Tier3" Weight="1" />
      <Item MaxLevel="12" MinLevel="9" Name="Heavy_Pauldron_Tier3" Weight="1" />
      <Item MaxLevel="16" MinLevel="13" Name="Heavy_ChestArmor_Tier4" Weight="1" />
      <Item MaxLevel="16" MinLevel="13" Name="Heavy_Glove_Tier4" Weight="1" />
      <Item MaxLevel="16" MinLevel="13" Name="Heavy_Pants_Tier4" Weight="1" />
      <Item MaxLevel="16" MinLevel="13" Name="Heavy_Boots_Tier4" Weight="1" />
      <Item MaxLevel="16" MinLevel="13" Name="Heavy_Helmet_Tier4" Weight="1" />
      <Item MaxLevel="16" MinLevel="13" Name="Heavy_Pauldron_Tier4" Weight="1" />
      <Item MaxLevel="20" MinLevel="17" Name="Heavy_ChestArmor_Tier5" Weight="1" />
      <Item MaxLevel="20" MinLevel="17" Name="Heavy_Glove_Tier5" Weight="1" />
      <Item MaxLevel="20" MinLevel="17" Name="Heavy_Pants_Tier5" Weight="1" />
      <Item MaxLevel="20" MinLevel="17" Name="Heavy_Boots_Tier5" Weight="1" />
      <Item MaxLevel="20" MinLevel="17" Name="Heavy_Helmet_Tier5" Weight="1" />
      <Item MaxLevel="20" MinLevel="17" Name="Heavy_Pauldron_Tier5" Weight="1" />
      <Item MaxLevel="24" MinLevel="21" Name="Heavy_ChestArmor_Tier6" Weight="1" />
      <Item MaxLevel="24" MinLevel="21" Name="Heavy_Glove_Tier6" Weight="1" />
      <Item MaxLevel="24" MinLevel="21" Name="Heavy_Pants_Tier6" Weight="1" />
      <Item MaxLevel="24" MinLevel="21" Name="Heavy_Boots_Tier6" Weight="1" />
      <Item MaxLevel="24" MinLevel="21" Name="Heavy_Helmet_Tier6" Weight="1" />
      <Item MaxLevel="24" MinLevel="21" Name="Heavy_Pauldron_Tier6" Weight="1" />
      <Item MaxLevel="28" MinLevel="25" Name="Heavy_ChestArmor_Tier7" Weight="1" />
      <Item MaxLevel="28" MinLevel="25" Name="Heavy_Glove_Tier7" Weight="1" />
      <Item MaxLevel="28" MinLevel="25" Name="Heavy_Pants_Tier7" Weight="1" />
      <Item MaxLevel="28" MinLevel="25" Name="Heavy_Boots_Tier7" Weight="1" />
      <Item MaxLevel="28" MinLevel="25" Name="Heavy_Helmet_Tier7" Weight="1" />
      <Item MaxLevel="28" MinLevel="25" Name="Heavy_Pauldron_Tier7" Weight="1" />
      <Item MaxLevel="32" MinLevel="29" Name="Heavy_ChestArmor_Tier8" Weight="1" />
      <Item MaxLevel="32" MinLevel="29" Name="Heavy_Glove_Tier8" Weight="1" />
      <Item MaxLevel="32" MinLevel="29" Name="Heavy_Pants_Tier8" Weight="1" />
      <Item MaxLevel="32" MinLevel="29" Name="Heavy_Boots_Tier8" Weight="1" />
      <Item MaxLevel="32" MinLevel="29" Name="Heavy_Helmet_Tier8" Weight="1" />
      <Item MaxLevel="32" MinLevel="29" Name="Heavy_Pauldron_Tier8" Weight="1" />
      <Item MaxLevel="36" MinLevel="33" Name="Heavy_ChestArmor_Tier9" Weight="1" />
      <Item MaxLevel="36" MinLevel="33" Name="Heavy_Glove_Tier9" Weight="1" />
      <Item MaxLevel="36" MinLevel="33" Name="Heavy_Pants_Tier9" Weight="1" />
      <Item MaxLevel="36" MinLevel="33" Name="Heavy_Boots_Tier9" Weight="1" />
      <Item MaxLevel="36" MinLevel="33" Name="Heavy_Helmet_Tier9" Weight="1" />
      <Item MaxLevel="36" MinLevel="33" Name="Heavy_Pauldron_Tier9" Weight="1" />
      <Item MaxLevel="40" MinLevel="37" Name="Heavy_ChestArmor_Tier10" Weight="1" />
      <Item MaxLevel="40" MinLevel="37" Name="Heavy_Glove_Tier10" Weight="1" />
      <Item MaxLevel="40" MinLevel="37" Name="Heavy_Pants_Tier10" Weight="1" />
      <Item MaxLevel="40" MinLevel="37" Name="Heavy_Boots_Tier10" Weight="1" />
      <Item MaxLevel="40" MinLevel="37" Name="Heavy_Helmet_Tier10" Weight="1" />
      <Item MaxLevel="40" MinLevel="37" Name="Heavy_Pauldron_Tier10" Weight="1" />
      <Item MaxLevel="45" MinLevel="41" Name="Heavy_ChestArmor_Tier11" Weight="1" />
      <Item MaxLevel="45" MinLevel="41" Name="Heavy_Glove_Tier11" Weight="1" />
      <Item MaxLevel="45" MinLevel="41" Name="Heavy_Pants_Tier11" Weight="1" />
      <Item MaxLevel="45" MinLevel="41" Name="Heavy_Boots_Tier11" Weight="1" />
      <Item MaxLevel="45" MinLevel="41" Name="Heavy_Helmet_Tier11" Weight="1" />
      <Item MaxLevel="45" MinLevel="41" Name="Heavy_Pauldron_Tier11" Weight="1" />
      <Item MaxLevel="51" MinLevel="46" Name="Heavy_ChestArmor_Tier12" Weight="1" />
      <Item MaxLevel="51" MinLevel="46" Name="Heavy_Glove_Tier12" Weight="1" />
      <Item MaxLevel="51" MinLevel="46" Name="Heavy_Pants_Tier12" Weight="1" />
      <Item MaxLevel="51" MinLevel="46" Name="Heavy_Boots_Tier12" Weight="1" />
      <Item MaxLevel="51" MinLevel="46" Name="Heavy_Helmet_Tier12" Weight="1" />
      <Item MaxLevel="51" MinLevel="46" Name="Heavy_Pauldron_Tier12" Weight="1" />
      <Item MaxLevel="57" MinLevel="52" Name="Heavy_ChestArmor_Tier13" Weight="1" />
      <Item MaxLevel="57" MinLevel="52" Name="Heavy_Glove_Tier13" Weight="1" />
      <Item MaxLevel="57" MinLevel="52" Name="Heavy_Pants_Tier13" Weight="1" />
      <Item MaxLevel="57" MinLevel="52" Name="Heavy_Boots_Tier13" Weight="1" />
      <Item MaxLevel="57" MinLevel="52" Name="Heavy_Helmet_Tier13" Weight="1" />
      <Item MaxLevel="57" MinLevel="52" Name="Heavy_Pauldron_Tier13" Weight="1" />
      <Item MaxLevel="63" MinLevel="58" Name="Heavy_ChestArmor_Tier14" Weight="1" />
      <Item MaxLevel="63" MinLevel="58" Name="Heavy_Glove_Tier14" Weight="1" />
      <Item MaxLevel="63" MinLevel="58" Name="Heavy_Pants_Tier14" Weight="1" />
      <Item MaxLevel="63" MinLevel="58" Name="Heavy_Boots_Tier14" Weight="1" />
      <Item MaxLevel="63" MinLevel="58" Name="Heavy_Helmet_Tier14" Weight="1" />
      <Item MaxLevel="63" MinLevel="58" Name="Heavy_Pauldron_Tier14" Weight="1" />
      <Item MaxLevel="69" MinLevel="64" Name="Heavy_ChestArmor_Tier15" Weight="1" />
      <Item MaxLevel="69" MinLevel="64" Name="Heavy_Glove_Tier15" Weight="1" />
      <Item MaxLevel="69" MinLevel="64" Name="Heavy_Pants_Tier15" Weight="1" />
      <Item MaxLevel="69" MinLevel="64" Name="Heavy_Boots_Tier15" Weight="1" />
      <Item MaxLevel="69" MinLevel="64" Name="Heavy_Helmet_Tier15" Weight="1" />
      <Item MaxLevel="69" MinLevel="64" Name="Heavy_Pauldron_Tier15" Weight="1" />
      <Item MaxLevel="300" MinLevel="70" Name="Heavy_ChestArmor_Tier16" Weight="1" />
      <Item MaxLevel="300" MinLevel="70" Name="Heavy_Glove_Tier16" Weight="1" />
      <Item MaxLevel="300" MinLevel="70" Name="Heavy_Pants_Tier16" Weight="1" />
      <Item MaxLevel="300" MinLevel="70" Name="Heavy_Boots_Tier16" Weight="1" />
      <Item MaxLevel="300" MinLevel="70" Name="Heavy_Helmet_Tier16" Weight="1" />
      <Item MaxLevel="300" MinLevel="70" Name="Heavy_Pauldron_Tier16" Weight="1" />
      <Item MaxLevel="4" MinLevel="1" Name="Rogue_ChestArmor_Tier1" Weight="1" />
      <Item MaxLevel="4" MinLevel="1" Name="Rogue_Glove_Tier1" Weight="1" />
      <Item MaxLevel="4" MinLevel="2" Name="Rogue_Pants_Tier1" Weight="1" />
      <Item MaxLevel="4" MinLevel="2" Name="Rogue_Boots_Tier1" Weight="1" />
      <Item MaxLevel="4" MinLevel="3" Name="Rogue_Helmet_Tier1" Weight="1" />
      <Item MaxLevel="4" MinLevel="3" Name="Rogue_Pauldron_Tier1" Weight="1" />
      <Item MaxLevel="8" MinLevel="5" Name="Rogue_ChestArmor_Tier2" Weight="1" />
      <Item MaxLevel="8" MinLevel="5" Name="Rogue_Glove_Tier2" Weight="1" />
      <Item MaxLevel="8" MinLevel="5" Name="Rogue_Pants_Tier2" Weight="1" />
      <Item MaxLevel="8" MinLevel="5" Name="Rogue_Boots_Tier2" Weight="1" />
      <Item MaxLevel="8" MinLevel="5" Name="Rogue_Helmet_Tier2" Weight="1" />
      <Item MaxLevel="8" MinLevel="5" Name="Rogue_Pauldron_Tier2" Weight="1" />
      <Item MaxLevel="12" MinLevel="9" Name="Rogue_ChestArmor_Tier3" Weight="1" />
      <Item MaxLevel="12" MinLevel="9" Name="Rogue_Glove_Tier3" Weight="1" />
      <Item MaxLevel="12" MinLevel="9" Name="Rogue_Pants_Tier3" Weight="1" />
      <Item MaxLevel="12" MinLevel="9" Name="Rogue_Boots_Tier3" Weight="1" />
      <Item MaxLevel="12" MinLevel="9" Name="Rogue_Helmet_Tier3" Weight="1" />
      <Item MaxLevel="12" MinLevel="9" Name="Rogue_Pauldron_Tier3" Weight="1" />
      <Item MaxLevel="16" MinLevel="13" Name="Rogue_ChestArmor_Tier4" Weight="1" />
      <Item MaxLevel="16" MinLevel="13" Name="Rogue_Glove_Tier4" Weight="1" />
      <Item MaxLevel="16" MinLevel="13" Name="Rogue_Pants_Tier4" Weight="1" />
      <Item MaxLevel="16" MinLevel="13" Name="Rogue_Boots_Tier4" Weight="1" />
      <Item MaxLevel="16" MinLevel="13" Name="Rogue_Helmet_Tier4" Weight="1" />
      <Item MaxLevel="16" MinLevel="13" Name="Rogue_Pauldron_Tier4" Weight="1" />
      <Item MaxLevel="20" MinLevel="17" Name="Rogue_ChestArmor_Tier5" Weight="1" />
      <Item MaxLevel="20" MinLevel="17" Name="Rogue_Glove_Tier5" Weight="1" />
      <Item MaxLevel="20" MinLevel="17" Name="Rogue_Pants_Tier5" Weight="1" />
      <Item MaxLevel="20" MinLevel="17" Name="Rogue_Boots_Tier5" Weight="1" />
      <Item MaxLevel="20" MinLevel="17" Name="Rogue_Helmet_Tier5" Weight="1" />
      <Item MaxLevel="20" MinLevel="17" Name="Rogue_Pauldron_Tier5" Weight="1" />
      <Item MaxLevel="24" MinLevel="21" Name="Rogue_ChestArmor_Tier6" Weight="1" />
      <Item MaxLevel="24" MinLevel="21" Name="Rogue_Glove_Tier6" Weight="1" />
      <Item MaxLevel="24" MinLevel="21" Name="Rogue_Pants_Tier6" Weight="1" />
      <Item MaxLevel="24" MinLevel="21" Name="Rogue_Boots_Tier6" Weight="1" />
      <Item MaxLevel="24" MinLevel="21" Name="Rogue_Helmet_Tier6" Weight="1" />
      <Item MaxLevel="24" MinLevel="21" Name="Rogue_Pauldron_Tier6" Weight="1" />
      <Item MaxLevel="28" MinLevel="25" Name="Rogue_ChestArmor_Tier7" Weight="1" />
      <Item MaxLevel="28" MinLevel="25" Name="Rogue_Glove_Tier7" Weight="1" />
      <Item MaxLevel="28" MinLevel="25" Name="Rogue_Pants_Tier7" Weight="1" />
      <Item MaxLevel="28" MinLevel="25" Name="Rogue_Boots_Tier7" Weight="1" />
      <Item MaxLevel="28" MinLevel="25" Name="Rogue_Helmet_Tier7" Weight="1" />
      <Item MaxLevel="28" MinLevel="25" Name="Rogue_Pauldron_Tier7" Weight="1" />
      <Item MaxLevel="32" MinLevel="29" Name="Rogue_ChestArmor_Tier8" Weight="1" />
      <Item MaxLevel="32" MinLevel="29" Name="Rogue_Glove_Tier8" Weight="1" />
      <Item MaxLevel="32" MinLevel="29" Name="Rogue_Pants_Tier8" Weight="1" />
      <Item MaxLevel="32" MinLevel="29" Name="Rogue_Boots_Tier8" Weight="1" />
      <Item MaxLevel="32" MinLevel="29" Name="Rogue_Helmet_Tier8" Weight="1" />
      <Item MaxLevel="32" MinLevel="29" Name="Rogue_Pauldron_Tier8" Weight="1" />
      <Item MaxLevel="36" MinLevel="33" Name="Rogue_ChestArmor_Tier9" Weight="1" />
      <Item MaxLevel="36" MinLevel="33" Name="Rogue_Glove_Tier9" Weight="1" />
      <Item MaxLevel="36" MinLevel="33" Name="Rogue_Pants_Tier9" Weight="1" />
      <Item MaxLevel="36" MinLevel="33" Name="Rogue_Boots_Tier9" Weight="1" />
      <Item MaxLevel="36" MinLevel="33" Name="Rogue_Helmet_Tier9" Weight="1" />
      <Item MaxLevel="36" MinLevel="33" Name="Rogue_Pauldron_Tier9" Weight="1" />
      <Item MaxLevel="40" MinLevel="37" Name="Rogue_ChestArmor_Tier10" Weight="1" />
      <Item MaxLevel="40" MinLevel="37" Name="Rogue_Glove_Tier10" Weight="1" />
      <Item MaxLevel="40" MinLevel="37" Name="Rogue_Pants_Tier10" Weight="1" />
      <Item MaxLevel="40" MinLevel="37" Name="Rogue_Boots_Tier10" Weight="1" />
      <Item MaxLevel="40" MinLevel="37" Name="Rogue_Helmet_Tier10" Weight="1" />
      <Item MaxLevel="40" MinLevel="37" Name="Rogue_Pauldron_Tier10" Weight="1" />
      <Item MaxLevel="45" MinLevel="41" Name="Rogue_ChestArmor_Tier11" Weight="1" />
      <Item MaxLevel="45" MinLevel="41" Name="Rogue_Glove_Tier11" Weight="1" />
      <Item MaxLevel="45" MinLevel="41" Name="Rogue_Pants_Tier11" Weight="1" />
      <Item MaxLevel="45" MinLevel="41" Name="Rogue_Boots_Tier11" Weight="1" />
      <Item MaxLevel="45" MinLevel="41" Name="Rogue_Helmet_Tier11" Weight="1" />
      <Item MaxLevel="45" MinLevel="41" Name="Rogue_Pauldron_Tier11" Weight="1" />
      <Item MaxLevel="51" MinLevel="46" Name="Rogue_ChestArmor_Tier12" Weight="1" />
      <Item MaxLevel="51" MinLevel="46" Name="Rogue_Glove_Tier12" Weight="1" />
      <Item MaxLevel="51" MinLevel="46" Name="Rogue_Pants_Tier12" Weight="1" />
      <Item MaxLevel="51" MinLevel="46" Name="Rogue_Boots_Tier12" Weight="1" />
      <Item MaxLevel="51" MinLevel="46" Name="Rogue_Helmet_Tier12" Weight="1" />
      <Item MaxLevel="51" MinLevel="46" Name="Rogue_Pauldron_Tier12" Weight="1" />
      <Item MaxLevel="57" MinLevel="52" Name="Rogue_ChestArmor_Tier13" Weight="1" />
      <Item MaxLevel="57" MinLevel="52" Name="Rogue_Glove_Tier13" Weight="1" />
      <Item MaxLevel="57" MinLevel="52" Name="Rogue_Pants_Tier13" Weight="1" />
      <Item MaxLevel="57" MinLevel="52" Name="Rogue_Boots_Tier13" Weight="1" />
      <Item MaxLevel="57" MinLevel="52" Name="Rogue_Helmet_Tier13" Weight="1" />
      <Item MaxLevel="57" MinLevel="52" Name="Rogue_Pauldron_Tier13" Weight="1" />
      <Item MaxLevel="63" MinLevel="58" Name="Rogue_ChestArmor_Tier14" Weight="1" />
      <Item MaxLevel="63" MinLevel="58" Name="Rogue_Glove_Tier14" Weight="1" />
      <Item MaxLevel="63" MinLevel="58" Name="Rogue_Pants_Tier14" Weight="1" />
      <Item MaxLevel="63" MinLevel="58" Name="Rogue_Boots_Tier14" Weight="1" />
      <Item MaxLevel="63" MinLevel="58" Name="Rogue_Helmet_Tier14" Weight="1" />
      <Item MaxLevel="63" MinLevel="58" Name="Rogue_Pauldron_Tier14" Weight="1" />
      <Item MaxLevel="69" MinLevel="64" Name="Rogue_ChestArmor_Tier15" Weight="1" />
      <Item MaxLevel="69" MinLevel="64" Name="Rogue_Glove_Tier15" Weight="1" />
      <Item MaxLevel="69" MinLevel="64" Name="Rogue_Pants_Tier15" Weight="1" />
      <Item MaxLevel="69" MinLevel="64" Name="Rogue_Boots_Tier15" Weight="1" />
      <Item MaxLevel="69" MinLevel="64" Name="Rogue_Helmet_Tier15" Weight="1" />
      <Item MaxLevel="69" MinLevel="64" Name="Rogue_Pauldron_Tier15" Weight="1" />
      <Item MaxLevel="300" MinLevel="70" Name="Rogue_ChestArmor_Tier16" Weight="1" />
      <Item MaxLevel="300" MinLevel="70" Name="Rogue_Glove_Tier16" Weight="1" />
      <Item MaxLevel="300" MinLevel="70" Name="Rogue_Pants_Tier16" Weight="1" />
      <Item MaxLevel="300" MinLevel="70" Name="Rogue_Boots_Tier16" Weight="1" />
      <Item MaxLevel="300" MinLevel="70" Name="Rogue_Helmet_Tier16" Weight="1" />
      <Item MaxLevel="300" MinLevel="70" Name="Rogue_Pauldron_Tier16" Weight="1" />
    </Loot>
  </LootClass>
  <LootClass Name="LC_Random_Weapon">
    <Pick Value="1" />
    <Level Value="1" />
    <Rarity>
      <RarityAtLevel Level="1" Normal="10" Magic="1" Rare="0" />
      <RarityAtLevel Level="12" Normal="10" Magic="10" Rare="1" />
      <RarityAtLevel Level="20" Normal="99" Magic="600" Rare="300" Legendary="1" />
      <RarityAtLevel Level="32" Normal="0" Magic="0" Rare="450" Legendary="10" />
      <RarityAtLevel Level="45" Normal="0" Magic="0" Rare="700" Legendary="15" />
      <RarityAtLevel Level="60" Normal="0" Magic="0" Rare="499" Legendary="30" />
      <RarityAtLevel Level="90" Normal="0" Magic="0" Rare="490" Legendary="35" />
    </Rarity>
    <NoDrop Value="0" />
    <Loot>
      <Item MaxLevel="4" MinLevel="1" Name="1H_Sword_Tier1" Weight="1" />
      <Item MaxLevel="8" MinLevel="5" Name="1H_Sword_Tier2" Weight="1" />
      <Item MaxLevel="12" MinLevel="9" Name="1H_Sword_Tier3" Weight="1" />
      <Item MaxLevel="16" MinLevel="13" Name="1H_Sword_Tier4" Weight="1" />
      <Item MaxLevel="20" MinLevel="17" Name="1H_Sword_Tier5" Weight="1" />
      <Item MaxLevel="24" MinLevel="21" Name="1H_Sword_Tier6" Weight="1" />
      <Item MaxLevel="28" MinLevel="25" Name="1H_Sword_Tier7" Weight="1" />
      <Item MaxLevel="32" MinLevel="29" Name="1H_Sword_Tier8" Weight="1" />
      <Item MaxLevel="36" MinLevel="33" Name="1H_Sword_Tier9" Weight="1" />
      <Item MaxLevel="40" MinLevel="37" Name="1H_Sword_Tier10" Weight="1" />
      <Item MaxLevel="45" MinLevel="41" Name="1H_Sword_Tier11" Weight="1" />
      <Item MaxLevel="51" MinLevel="46" Name="1H_Sword_Tier12" Weight="1" />
      <Item MaxLevel="57" MinLevel="52" Name="1H_Sword_Tier13" Weight="1" />
      <Item MaxLevel="63" MinLevel="58" Name="1H_Sword_Tier14" Weight="1" />
      <Item MaxLevel="69" MinLevel="64" Name="1H_Sword_Tier15" Weight="1" />
      <Item MaxLevel="300" MinLevel="70" Name="1H_Sword_Tier16" Weight="1" />
      <Item MaxLevel="4" MinLevel="1" Name="2H_Bow_Tier1" Weight="1" />
      <Item MaxLevel="8" MinLevel="5" Name="2H_Bow_Tier2" Weight="1" />
      <Item MaxLevel="12" MinLevel="9" Name="2H_Bow_Tier3" Weight="1" />
      <Item MaxLevel="16" MinLevel="13" Name="2H_Bow_Tier4" Weight="1" />
      <Item MaxLevel="20" MinLevel="17" Name="2H_Bow_Tier5" Weight="1" />
      <Item MaxLevel="24" MinLevel="21" Name="2H_Bow_Tier6" Weight="1" />
      <Item MaxLevel="28" MinLevel="25" Name="2H_Bow_Tier7" Weight="1" />
      <Item MaxLevel="32" MinLevel="29" Name="2H_Bow_Tier8" Weight="1" />
      <Item MaxLevel="36" MinLevel="33" Name="2H_Bow_Tier9" Weight="1" />
      <Item MaxLevel="40" MinLevel="37" Name="2H_Bow_Tier10" Weight="1" />
      <Item MaxLevel="45" MinLevel="41" Name="2H_Bow_Tier11" Weight="1" />
      <Item MaxLevel="51" MinLevel="46" Name="2H_Bow_Tier12" Weight="1" />
      <Item MaxLevel="57" MinLevel="52" Name="2H_Bow_Tier13" Weight="1" />
      <Item MaxLevel="63" MinLevel="58" Name="2H_Bow_Tier14" Weight="1" />
      <Item MaxLevel="69" MinLevel="64" Name="2H_Bow_Tier15" Weight="1" />
      <Item MaxLevel="300" MinLevel="70" Name="2H_Bow_Tier16" Weight="1" />
      <Item MaxLevel="4" MinLevel="1" Name="2H_Staff_Tier1" Weight="1" />
      <Item MaxLevel="8" MinLevel="5" Name="2H_Staff_Tier2" Weight="1" />
      <Item MaxLevel="12" MinLevel="9" Name="2H_Staff_Tier3" Weight="1" />
      <Item MaxLevel="16" MinLevel="13" Name="2H_Staff_Tier4" Weight="1" />
      <Item MaxLevel="20" MinLevel="17" Name="2H_Staff_Tier5" Weight="1" />
      <Item MaxLevel="24" MinLevel="21" Name="2H_Staff_Tier6" Weight="1" />
      <Item MaxLevel="28" MinLevel="25" Name="2H_Staff_Tier7" Weight="1" />
      <Item MaxLevel="32" MinLevel="29" Name="2H_Staff_Tier8" Weight="1" />
      <Item MaxLevel="36" MinLevel="33" Name="2H_Staff_Tier9" Weight="1" />
      <Item MaxLevel="40" MinLevel="37" Name="2H_Staff_Tier10" Weight="1" />
      <Item MaxLevel="45" MinLevel="41" Name="2H_Staff_Tier11" Weight="1" />
      <Item MaxLevel="51" MinLevel="46" Name="2H_Staff_Tier12" Weight="1" />
      <Item MaxLevel="57" MinLevel="52" Name="2H_Staff_Tier13" Weight="1" />
      <Item MaxLevel="63" MinLevel="58" Name="2H_Staff_Tier14" Weight="1" />
      <Item MaxLevel="69" MinLevel="64" Name="2H_Staff_Tier15" Weight="1" />
      <Item MaxLevel="300" MinLevel="70" Name="2H_Staff_Tier16" Weight="1" />
      <Item MaxLevel="4" MinLevel="1" Name="1H_Axe_Tier1" Weight="1" />
      <Item MaxLevel="8" MinLevel="5" Name="1H_Axe_Tier2" Weight="1" />
      <Item MaxLevel="12" MinLevel="9" Name="1H_Axe_Tier3" Weight="1" />
      <Item MaxLevel="16" MinLevel="13" Name="1H_Axe_Tier4" Weight="1" />
      <Item MaxLevel="20" MinLevel="17" Name="1H_Axe_Tier5" Weight="1" />
      <Item MaxLevel="24" MinLevel="21" Name="1H_Axe_Tier6" Weight="1" />
      <Item MaxLevel="28" MinLevel="25" Name="1H_Axe_Tier7" Weight="1" />
      <Item MaxLevel="32" MinLevel="29" Name="1H_Axe_Tier8" Weight="1" />
      <Item MaxLevel="36" MinLevel="33" Name="1H_Axe_Tier9" Weight="1" />
      <Item MaxLevel="40" MinLevel="37" Name="1H_Axe_Tier10" Weight="1" />
      <Item MaxLevel="45" MinLevel="41" Name="1H_Axe_Tier11" Weight="1" />
      <Item MaxLevel="51" MinLevel="46" Name="1H_Axe_Tier12" Weight="1" />
      <Item MaxLevel="57" MinLevel="52" Name="1H_Axe_Tier13" Weight="1" />
      <Item MaxLevel="63" MinLevel="58" Name="1H_Axe_Tier14" Weight="1" />
      <Item MaxLevel="69" MinLevel="64" Name="1H_Axe_Tier15" Weight="1" />
      <Item MaxLevel="300" MinLevel="70" Name="1H_Axe_Tier16" Weight="1" />
      <Item MaxLevel="4" MinLevel="1" Name="1h_Shield_Tier1" Weight="1" />
      <Item MaxLevel="8" MinLevel="5" Name="1h_Shield_Tier2" Weight="1" />
      <Item MaxLevel="12" MinLevel="9" Name="1h_Shield_Tier3" Weight="1" />
      <Item MaxLevel="16" MinLevel="13" Name="1h_Shield_Tier4" Weight="1" />
      <Item MaxLevel="20" MinLevel="17" Name="1h_Shield_Tier5" Weight="1" />
      <Item MaxLevel="24" MinLevel="21" Name="1h_Shield_Tier6" Weight="1" />
      <Item MaxLevel="28" MinLevel="25" Name="1h_Shield_Tier7" Weight="1" />
      <Item MaxLevel="32" MinLevel="29" Name="1h_Shield_Tier8" Weight="1" />
      <Item MaxLevel="36" MinLevel="33" Name="1h_Shield_Tier9" Weight="1" />
      <Item MaxLevel="40" MinLevel="37" Name="1h_Shield_Tier10" Weight="1" />
      <Item MaxLevel="45" MinLevel="41" Name="1h_Shield_Tier11" Weight="1" />
      <Item MaxLevel="51" MinLevel="46" Name="1h_Shield_Tier12" Weight="1" />
      <Item MaxLevel="57" MinLevel="52" Name="1h_Shield_Tier13" Weight="1" />
      <Item MaxLevel="63" MinLevel="58" Name="1h_Shield_Tier14" Weight="1" />
      <Item MaxLevel="69" MinLevel="64" Name="1h_Shield_Tier15" Weight="1" />
      <Item MaxLevel="300" MinLevel="70" Name="1h_Shield_Tier16" Weight="1" />
      <Item MaxLevel="4" MinLevel="1" Name="1H_Dagger_Tier1" Weight="1" />
      <Item MaxLevel="8" MinLevel="5" Name="1H_Dagger_Tier2" Weight="1" />
      <Item MaxLevel="12" MinLevel="9" Name="1H_Dagger_Tier3" Weight="1" />
      <Item MaxLevel="16" MinLevel="13" Name="1H_Dagger_Tier4" Weight="1" />
      <Item MaxLevel="20" MinLevel="17" Name="1H_Dagger_Tier5" Weight="1" />
      <Item MaxLevel="24" MinLevel="21" Name="1H_Dagger_Tier6" Weight="1" />
      <Item MaxLevel="28" MinLevel="25" Name="1H_Dagger_Tier7" Weight="1" />
      <Item MaxLevel="32" MinLevel="29" Name="1H_Dagger_Tier8" Weight="1" />
      <Item MaxLevel="36" MinLevel="33" Name="1H_Dagger_Tier9" Weight="1" />
      <Item MaxLevel="40" MinLevel="37" Name="1H_Dagger_Tier10" Weight="1" />
      <Item MaxLevel="45" MinLevel="41" Name="1H_Dagger_Tier11" Weight="1" />
      <Item MaxLevel="51" MinLevel="46" Name="1H_Dagger_Tier12" Weight="1" />
      <Item MaxLevel="57" MinLevel="52" Name="1H_Dagger_Tier13" Weight="1" />
      <Item MaxLevel="63" MinLevel="58" Name="1H_Dagger_Tier14" Weight="1" />
      <Item MaxLevel="69" MinLevel="64" Name="1H_Dagger_Tier15" Weight="1" />
      <Item MaxLevel="300" MinLevel="70" Name="1H_Dagger_Tier16" Weight="1" />
      <Item MaxLevel="4" MinLevel="1" Name="2H_Sword_Tier1" Weight="1" />
      <Item MaxLevel="8" MinLevel="5" Name="2H_Sword_Tier2" Weight="1" />
      <Item MaxLevel="12" MinLevel="9" Name="2H_Sword_Tier3" Weight="1" />
      <Item MaxLevel="16" MinLevel="13" Name="2H_Sword_Tier4" Weight="1" />
      <Item MaxLevel="20" MinLevel="17" Name="2H_Sword_Tier5" Weight="1" />
      <Item MaxLevel="24" MinLevel="21" Name="2H_Sword_Tier6" Weight="1" />
      <Item MaxLevel="28" MinLevel="25" Name="2H_Sword_Tier7" Weight="1" />
      <Item MaxLevel="32" MinLevel="29" Name="2H_Sword_Tier8" Weight="1" />
      <Item MaxLevel="36" MinLevel="33" Name="2H_Sword_Tier9" Weight="1" />
      <Item MaxLevel="40" MinLevel="37" Name="2H_Sword_Tier10" Weight="1" />
      <Item MaxLevel="45" MinLevel="41" Name="2H_Sword_Tier11" Weight="1" />
      <Item MaxLevel="51" MinLevel="46" Name="2H_Sword_Tier12" Weight="1" />
      <Item MaxLevel="57" MinLevel="52" Name="2H_Sword_Tier13" Weight="1" />
      <Item MaxLevel="63" MinLevel="58" Name="2H_Sword_Tier14" Weight="1" />
      <Item MaxLevel="69" MinLevel="64" Name="2H_Sword_Tier15" Weight="1" />
      <Item MaxLevel="300" MinLevel="70" Name="2H_Sword_Tier16" Weight="1" />
      <Item MaxLevel="4" MinLevel="1" Name="2H_Axe_Tier1" Weight="1" />
      <Item MaxLevel="8" MinLevel="5" Name="2H_Axe_Tier2" Weight="1" />
      <Item MaxLevel="12" MinLevel="9" Name="2H_Axe_Tier3" Weight="1" />
      <Item MaxLevel="16" MinLevel="13" Name="2H_Axe_Tier4" Weight="1" />
      <Item MaxLevel="20" MinLevel="17" Name="2H_Axe_Tier5" Weight="1" />
      <Item MaxLevel="24" MinLevel="21" Name="2H_Axe_Tier6" Weight="1" />
      <Item MaxLevel="28" MinLevel="25" Name="2H_Axe_Tier7" Weight="1" />
      <Item MaxLevel="32" MinLevel="29" Name="2H_Axe_Tier8" Weight="1" />
      <Item MaxLevel="36" MinLevel="33" Name="2H_Axe_Tier9" Weight="1" />
      <Item MaxLevel="40" MinLevel="37" Name="2H_Axe_Tier10" Weight="1" />
      <Item MaxLevel="45" MinLevel="41" Name="2H_Axe_Tier11" Weight="1" />
      <Item MaxLevel="51" MinLevel="46" Name="2H_Axe_Tier12" Weight="1" />
      <Item MaxLevel="57" MinLevel="52" Name="2H_Axe_Tier13" Weight="1" />
      <Item MaxLevel="63" MinLevel="58" Name="2H_Axe_Tier14" Weight="1" />
      <Item MaxLevel="69" MinLevel="64" Name="2H_Axe_Tier15" Weight="1" />
      <Item MaxLevel="300" MinLevel="70" Name="2H_Axe_Tier16" Weight="1" />
      <Item MaxLevel="4" MinLevel="1" Name="1H_Hammer_Tier1" Weight="1" />
      <Item MaxLevel="8" MinLevel="5" Name="1H_Hammer_Tier2" Weight="1" />
      <Item MaxLevel="12" MinLevel="9" Name="1H_Hammer_Tier3" Weight="1" />
      <Item MaxLevel="16" MinLevel="13" Name="1H_Hammer_Tier4" Weight="1" />
      <Item MaxLevel="20" MinLevel="17" Name="1H_Hammer_Tier5" Weight="1" />
      <Item MaxLevel="24" MinLevel="21" Name="1H_Hammer_Tier6" Weight="1" />
      <Item MaxLevel="28" MinLevel="25" Name="1H_Hammer_Tier7" Weight="1" />
      <Item MaxLevel="32" MinLevel="29" Name="1H_Hammer_Tier8" Weight="1" />
      <Item MaxLevel="36" MinLevel="33" Name="1H_Hammer_Tier9" Weight="1" />
      <Item MaxLevel="40" MinLevel="37" Name="1H_Hammer_Tier10" Weight="1" />
      <Item MaxLevel="45" MinLevel="41" Name="1H_Hammer_Tier11" Weight="1" />
      <Item MaxLevel="51" MinLevel="46" Name="1H_Hammer_Tier12" Weight="1" />
      <Item MaxLevel="57" MinLevel="52" Name="1H_Hammer_Tier13" Weight="1" />
      <Item MaxLevel="63" MinLevel="58" Name="1H_Hammer_Tier14" Weight="1" />
      <Item MaxLevel="69" MinLevel="64" Name="1H_Hammer_Tier15" Weight="1" />
      <Item MaxLevel="300" MinLevel="70" Name="1H_Hammer_Tier16" Weight="1" />
      <Item MaxLevel="4" MinLevel="1" Name="1H_OffHand_Tier1" Weight="1" />
      <Item MaxLevel="8" MinLevel="5" Name="1H_OffHand_Tier2" Weight="1" />
      <Item MaxLevel="12" MinLevel="9" Name="1H_OffHand_Tier3" Weight="1" />
      <Item MaxLevel="16" MinLevel="13" Name="1H_OffHand_Tier4" Weight="1" />
      <Item MaxLevel="20" MinLevel="17" Name="1H_OffHand_Tier5" Weight="1" />
      <Item MaxLevel="24" MinLevel="21" Name="1H_OffHand_Tier6" Weight="1" />
      <Item MaxLevel="28" MinLevel="25" Name="1H_OffHand_Tier7" Weight="1" />
      <Item MaxLevel="32" MinLevel="29" Name="1H_OffHand_Tier8" Weight="1" />
      <Item MaxLevel="36" MinLevel="33" Name="1H_OffHand_Tier9" Weight="1" />
      <Item MaxLevel="40" MinLevel="37" Name="1H_OffHand_Tier10" Weight="1" />
      <Item MaxLevel="45" MinLevel="41" Name="1H_OffHand_Tier11" Weight="1" />
      <Item MaxLevel="51" MinLevel="46" Name="1H_OffHand_Tier12" Weight="1" />
      <Item MaxLevel="57" MinLevel="52" Name="1H_OffHand_Tier13" Weight="1" />
      <Item MaxLevel="63" MinLevel="58" Name="1H_OffHand_Tier14" Weight="1" />
      <Item MaxLevel="69" MinLevel="64" Name="1H_OffHand_Tier15" Weight="1" />
      <Item MaxLevel="300" MinLevel="70" Name="1H_OffHand_Tier16" Weight="1" />
      <Item MaxLevel="4" MinLevel="1" Name="2H_Hammer_Tier1" Weight="1" />
      <Item MaxLevel="8" MinLevel="5" Name="2H_Hammer_Tier2" Weight="1" />
      <Item MaxLevel="12" MinLevel="9" Name="2H_Hammer_Tier3" Weight="1" />
      <Item MaxLevel="16" MinLevel="13" Name="2H_Hammer_Tier4" Weight="1" />
      <Item MaxLevel="20" MinLevel="17" Name="2H_Hammer_Tier5" Weight="1" />
      <Item MaxLevel="24" MinLevel="21" Name="2H_Hammer_Tier6" Weight="1" />
      <Item MaxLevel="28" MinLevel="25" Name="2H_Hammer_Tier7" Weight="1" />
      <Item MaxLevel="32" MinLevel="29" Name="2H_Hammer_Tier8" Weight="1" />
      <Item MaxLevel="36" MinLevel="33" Name="2H_Hammer_Tier9" Weight="1" />
      <Item MaxLevel="40" MinLevel="37" Name="2H_Hammer_Tier10" Weight="1" />
      <Item MaxLevel="45" MinLevel="41" Name="2H_Hammer_Tier11" Weight="1" />
      <Item MaxLevel="51" MinLevel="46" Name="2H_Hammer_Tier12" Weight="1" />
      <Item MaxLevel="57" MinLevel="52" Name="2H_Hammer_Tier13" Weight="1" />
      <Item MaxLevel="63" MinLevel="58" Name="2H_Hammer_Tier14" Weight="1" />
      <Item MaxLevel="69" MinLevel="64" Name="2H_Hammer_Tier15" Weight="1" />
      <Item MaxLevel="300" MinLevel="70" Name="2H_Hammer_Tier16" Weight="1" />
      <Item MaxLevel="4" MinLevel="1" Name="1h_pistol_Tier1" Weight="1" />
      <Item MaxLevel="8" MinLevel="5" Name="1h_pistol_Tier2" Weight="1" />
      <Item MaxLevel="12" MinLevel="9" Name="1h_pistol_Tier3" Weight="1" />
      <Item MaxLevel="16" MinLevel="13" Name="1h_pistol_Tier4" Weight="1" />
      <Item MaxLevel="20" MinLevel="17" Name="1h_pistol_Tier5" Weight="1" />
      <Item MaxLevel="24" MinLevel="21" Name="1h_pistol_Tier6" Weight="1" />
      <Item MaxLevel="28" MinLevel="25" Name="1h_pistol_Tier7" Weight="1" />
      <Item MaxLevel="32" MinLevel="29" Name="1h_pistol_Tier8" Weight="1" />
      <Item MaxLevel="36" MinLevel="33" Name="1h_pistol_Tier9" Weight="1" />
      <Item MaxLevel="40" MinLevel="37" Name="1h_pistol_Tier10" Weight="1" />
      <Item MaxLevel="45" MinLevel="41" Name="1h_pistol_Tier11" Weight="1" />
      <Item MaxLevel="51" MinLevel="46" Name="1h_pistol_Tier12" Weight="1" />
      <Item MaxLevel="57" MinLevel="52" Name="1h_pistol_Tier13" Weight="1" />
      <Item MaxLevel="63" MinLevel="58" Name="1h_pistol_Tier14" Weight="1" />
      <Item MaxLevel="69" MinLevel="64" Name="1h_pistol_Tier15" Weight="1" />
      <Item MaxLevel="300" MinLevel="70" Name="1h_pistol_Tier16" Weight="1" />
    </Loot>
  </LootClass>
</MetaData>