<MetaData>
  <LootClass Name="LC_Helmet_Mage">
    <Pick Value="1" />
    <Level Value="1" />
    <Rarity>
      <RarityAtLevel Level="1" Normal="10" Magic="1" Rare="0" />
      <RarityAtLevel Level="12" Normal="10" Magic="10" Rare="1" />
      <RarityAtLevel Level="20" Normal="99" Magic="600" Rare="300" Legendary="1" />
      <RarityAtLevel Level="32" Normal="0" Magic="0" Rare="450" Legendary="10" />
      <RarityAtLevel Level="45" Normal="0" Magic="0" Rare="700" Legendary="15" />
      <RarityAtLevel Level="60" Normal="0" Magic="0" Rare="499" Legendary="30" />
      <RarityAtLevel Level="90" Normal="0" Magic="0" Rare="490" Legendary="35" />
    </Rarity>
    <NoDrop Value="0" />
    <Loot>
      <Item MaxLevel="4" MinLevel="3" Name="Mage_Helmet_Tier1" Weight="1" />
      <Item MaxLevel="8" MinLevel="5" Name="Mage_Helmet_Tier2" Weight="1" />
      <Item MaxLevel="12" MinLevel="9" Name="Mage_Helmet_Tier3" Weight="1" />
      <Item MaxLevel="16" MinLevel="13" Name="Mage_Helmet_Tier4" Weight="1" />
      <Item MaxLevel="20" MinLevel="17" Name="Mage_Helmet_Tier5" Weight="1" />
      <Item MaxLevel="24" MinLevel="21" Name="Mage_Helmet_Tier6" Weight="1" />
      <Item MaxLevel="28" MinLevel="25" Name="Mage_Helmet_Tier7" Weight="1" />
      <Item MaxLevel="32" MinLevel="29" Name="Mage_Helmet_Tier8" Weight="1" />
      <Item MaxLevel="36" MinLevel="33" Name="Mage_Helmet_Tier9" Weight="1" />
      <Item MaxLevel="40" MinLevel="37" Name="Mage_Helmet_Tier10" Weight="1" />
      <Item MaxLevel="45" MinLevel="41" Name="Mage_Helmet_Tier11" Weight="1" />
      <Item MaxLevel="51" MinLevel="46" Name="Mage_Helmet_Tier12" Weight="1" />
      <Item MaxLevel="57" MinLevel="52" Name="Mage_Helmet_Tier13" Weight="1" />
      <Item MaxLevel="63" MinLevel="58" Name="Mage_Helmet_Tier14" Weight="1" />
      <Item MaxLevel="69" MinLevel="64" Name="Mage_Helmet_Tier15" Weight="1" />
      <Item MaxLevel="300" MinLevel="70" Name="Mage_Helmet_Tier16" Weight="1" />
    </Loot>
  </LootClass>
  <LootClass Name="LC_Helmet_Warrior">
    <Pick Value="1" />
    <Level Value="1" />
    <Rarity>
      <RarityAtLevel Level="1" Normal="10" Magic="1" Rare="0" />
      <RarityAtLevel Level="12" Normal="10" Magic="10" Rare="1" />
      <RarityAtLevel Level="20" Normal="99" Magic="600" Rare="300" Legendary="1" />
      <RarityAtLevel Level="32" Normal="0" Magic="0" Rare="450" Legendary="10" />
      <RarityAtLevel Level="45" Normal="0" Magic="0" Rare="700" Legendary="15" />
      <RarityAtLevel Level="60" Normal="0" Magic="0" Rare="499" Legendary="30" />
      <RarityAtLevel Level="90" Normal="0" Magic="0" Rare="490" Legendary="35" />
    </Rarity>
    <NoDrop Value="0" />
    <Loot>
      <Item MaxLevel="4" MinLevel="3" Name="Warrior_Helmet_Tier1" Weight="1" />
      <Item MaxLevel="8" MinLevel="5" Name="Warrior_Helmet_Tier2" Weight="1" />
      <Item MaxLevel="12" MinLevel="9" Name="Warrior_Helmet_Tier3" Weight="1" />
      <Item MaxLevel="16" MinLevel="13" Name="Warrior_Helmet_Tier4" Weight="1" />
      <Item MaxLevel="20" MinLevel="17" Name="Warrior_Helmet_Tier5" Weight="1" />
      <Item MaxLevel="24" MinLevel="21" Name="Warrior_Helmet_Tier6" Weight="1" />
      <Item MaxLevel="28" MinLevel="25" Name="Warrior_Helmet_Tier7" Weight="1" />
      <Item MaxLevel="32" MinLevel="29" Name="Warrior_Helmet_Tier8" Weight="1" />
      <Item MaxLevel="36" MinLevel="33" Name="Warrior_Helmet_Tier9" Weight="1" />
      <Item MaxLevel="40" MinLevel="37" Name="Warrior_Helmet_Tier10" Weight="1" />
      <Item MaxLevel="45" MinLevel="41" Name="Warrior_Helmet_Tier11" Weight="1" />
      <Item MaxLevel="51" MinLevel="46" Name="Warrior_Helmet_Tier12" Weight="1" />
      <Item MaxLevel="57" MinLevel="52" Name="Warrior_Helmet_Tier13" Weight="1" />
      <Item MaxLevel="63" MinLevel="58" Name="Warrior_Helmet_Tier14" Weight="1" />
      <Item MaxLevel="69" MinLevel="64" Name="Warrior_Helmet_Tier15" Weight="1" />
      <Item MaxLevel="300" MinLevel="70" Name="Warrior_Helmet_Tier16" Weight="1" />
    </Loot>
  </LootClass>
  <LootClass Name="LC_Helmet_Rogue">
    <Pick Value="1" />
    <Level Value="1" />
    <Rarity>
      <RarityAtLevel Level="1" Normal="10" Magic="1" Rare="0" />
      <RarityAtLevel Level="12" Normal="10" Magic="10" Rare="1" />
      <RarityAtLevel Level="20" Normal="99" Magic="600" Rare="300" Legendary="1" />
      <RarityAtLevel Level="32" Normal="0" Magic="0" Rare="450" Legendary="10" />
      <RarityAtLevel Level="45" Normal="0" Magic="0" Rare="700" Legendary="15" />
      <RarityAtLevel Level="60" Normal="0" Magic="0" Rare="499" Legendary="30" />
      <RarityAtLevel Level="90" Normal="0" Magic="0" Rare="490" Legendary="35" />
    </Rarity>
    <NoDrop Value="0" />
    <Loot>
      <Item MaxLevel="4" MinLevel="3" Name="Rogue_Helmet_Tier1" Weight="1" />
      <Item MaxLevel="8" MinLevel="5" Name="Rogue_Helmet_Tier2" Weight="1" />
      <Item MaxLevel="12" MinLevel="9" Name="Rogue_Helmet_Tier3" Weight="1" />
      <Item MaxLevel="16" MinLevel="13" Name="Rogue_Helmet_Tier4" Weight="1" />
      <Item MaxLevel="20" MinLevel="17" Name="Rogue_Helmet_Tier5" Weight="1" />
      <Item MaxLevel="24" MinLevel="21" Name="Rogue_Helmet_Tier6" Weight="1" />
      <Item MaxLevel="28" MinLevel="25" Name="Rogue_Helmet_Tier7" Weight="1" />
      <Item MaxLevel="32" MinLevel="29" Name="Rogue_Helmet_Tier8" Weight="1" />
      <Item MaxLevel="36" MinLevel="33" Name="Rogue_Helmet_Tier9" Weight="1" />
      <Item MaxLevel="40" MinLevel="37" Name="Rogue_Helmet_Tier10" Weight="1" />
      <Item MaxLevel="45" MinLevel="41" Name="Rogue_Helmet_Tier11" Weight="1" />
      <Item MaxLevel="51" MinLevel="46" Name="Rogue_Helmet_Tier12" Weight="1" />
      <Item MaxLevel="57" MinLevel="52" Name="Rogue_Helmet_Tier13" Weight="1" />
      <Item MaxLevel="63" MinLevel="58" Name="Rogue_Helmet_Tier14" Weight="1" />
      <Item MaxLevel="69" MinLevel="64" Name="Rogue_Helmet_Tier15" Weight="1" />
      <Item MaxLevel="300" MinLevel="70" Name="Rogue_Helmet_Tier16" Weight="1" />
    </Loot>
  </LootClass>
  <LootClass Name="LC_Helmet_Heavy">
    <Pick Value="1" />
    <Level Value="1" />
    <Rarity>
      <RarityAtLevel Level="1" Normal="10" Magic="1" Rare="0" />
      <RarityAtLevel Level="12" Normal="10" Magic="10" Rare="1" />
      <RarityAtLevel Level="20" Normal="99" Magic="600" Rare="300" Legendary="1" />
      <RarityAtLevel Level="32" Normal="0" Magic="0" Rare="450" Legendary="10" />
      <RarityAtLevel Level="45" Normal="0" Magic="0" Rare="700" Legendary="15" />
      <RarityAtLevel Level="60" Normal="0" Magic="0" Rare="499" Legendary="30" />
      <RarityAtLevel Level="90" Normal="0" Magic="0" Rare="490" Legendary="35" />
    </Rarity>
    <NoDrop Value="0" />
    <Loot>
      <Item MaxLevel="4" MinLevel="3" Name="Heavy_Helmet_Tier1" Weight="1" />
      <Item MaxLevel="8" MinLevel="5" Name="Heavy_Helmet_Tier2" Weight="1" />
      <Item MaxLevel="12" MinLevel="9" Name="Heavy_Helmet_Tier3" Weight="1" />
      <Item MaxLevel="16" MinLevel="13" Name="Heavy_Helmet_Tier4" Weight="1" />
      <Item MaxLevel="20" MinLevel="17" Name="Heavy_Helmet_Tier5" Weight="1" />
      <Item MaxLevel="24" MinLevel="21" Name="Heavy_Helmet_Tier6" Weight="1" />
      <Item MaxLevel="28" MinLevel="25" Name="Heavy_Helmet_Tier7" Weight="1" />
      <Item MaxLevel="32" MinLevel="29" Name="Heavy_Helmet_Tier8" Weight="1" />
      <Item MaxLevel="36" MinLevel="33" Name="Heavy_Helmet_Tier9" Weight="1" />
      <Item MaxLevel="40" MinLevel="37" Name="Heavy_Helmet_Tier10" Weight="1" />
      <Item MaxLevel="45" MinLevel="41" Name="Heavy_Helmet_Tier11" Weight="1" />
      <Item MaxLevel="51" MinLevel="46" Name="Heavy_Helmet_Tier12" Weight="1" />
      <Item MaxLevel="57" MinLevel="52" Name="Heavy_Helmet_Tier13" Weight="1" />
      <Item MaxLevel="63" MinLevel="58" Name="Heavy_Helmet_Tier14" Weight="1" />
      <Item MaxLevel="69" MinLevel="64" Name="Heavy_Helmet_Tier15" Weight="1" />
      <Item MaxLevel="300" MinLevel="70" Name="Heavy_Helmet_Tier16" Weight="1" />
    </Loot>
  </LootClass>
  <LootClass Name="LC_Pauldron_Mage">
    <Pick Value="1" />
    <Level Value="1" />
    <Rarity>
      <RarityAtLevel Level="1" Normal="10" Magic="1" Rare="0" />
      <RarityAtLevel Level="12" Normal="10" Magic="10" Rare="1" />
      <RarityAtLevel Level="20" Normal="99" Magic="600" Rare="300" Legendary="1" />
      <RarityAtLevel Level="32" Normal="0" Magic="0" Rare="450" Legendary="10" />
      <RarityAtLevel Level="45" Normal="0" Magic="0" Rare="700" Legendary="15" />
      <RarityAtLevel Level="60" Normal="0" Magic="0" Rare="499" Legendary="30" />
      <RarityAtLevel Level="90" Normal="0" Magic="0" Rare="490" Legendary="35" />
    </Rarity>
    <NoDrop Value="0" />
    <Loot>
      <Item MaxLevel="4" MinLevel="3" Name="Mage_Pauldron_Tier1" Weight="1" />
      <Item MaxLevel="8" MinLevel="5" Name="Mage_Pauldron_Tier2" Weight="1" />
      <Item MaxLevel="12" MinLevel="9" Name="Mage_Pauldron_Tier3" Weight="1" />
      <Item MaxLevel="16" MinLevel="13" Name="Mage_Pauldron_Tier4" Weight="1" />
      <Item MaxLevel="20" MinLevel="17" Name="Mage_Pauldron_Tier5" Weight="1" />
      <Item MaxLevel="24" MinLevel="21" Name="Mage_Pauldron_Tier6" Weight="1" />
      <Item MaxLevel="28" MinLevel="25" Name="Mage_Pauldron_Tier7" Weight="1" />
      <Item MaxLevel="32" MinLevel="29" Name="Mage_Pauldron_Tier8" Weight="1" />
      <Item MaxLevel="36" MinLevel="33" Name="Mage_Pauldron_Tier9" Weight="1" />
      <Item MaxLevel="40" MinLevel="37" Name="Mage_Pauldron_Tier10" Weight="1" />
      <Item MaxLevel="45" MinLevel="41" Name="Mage_Pauldron_Tier11" Weight="1" />
      <Item MaxLevel="51" MinLevel="46" Name="Mage_Pauldron_Tier12" Weight="1" />
      <Item MaxLevel="57" MinLevel="52" Name="Mage_Pauldron_Tier13" Weight="1" />
      <Item MaxLevel="63" MinLevel="58" Name="Mage_Pauldron_Tier14" Weight="1" />
      <Item MaxLevel="69" MinLevel="64" Name="Mage_Pauldron_Tier15" Weight="1" />
      <Item MaxLevel="300" MinLevel="70" Name="Mage_Pauldron_Tier16" Weight="1" />
    </Loot>
  </LootClass>
  <LootClass Name="LC_Pauldron_Warrior">
    <Pick Value="1" />
    <Level Value="1" />
    <Rarity>
      <RarityAtLevel Level="1" Normal="10" Magic="1" Rare="0" />
      <RarityAtLevel Level="12" Normal="10" Magic="10" Rare="1" />
      <RarityAtLevel Level="20" Normal="99" Magic="600" Rare="300" Legendary="1" />
      <RarityAtLevel Level="32" Normal="0" Magic="0" Rare="450" Legendary="10" />
      <RarityAtLevel Level="45" Normal="0" Magic="0" Rare="700" Legendary="15" />
      <RarityAtLevel Level="60" Normal="0" Magic="0" Rare="499" Legendary="30" />
      <RarityAtLevel Level="90" Normal="0" Magic="0" Rare="490" Legendary="35" />
    </Rarity>
    <NoDrop Value="0" />
    <Loot>
      <Item MaxLevel="4" MinLevel="3" Name="Warrior_Pauldron_Tier1" Weight="1" />
      <Item MaxLevel="8" MinLevel="5" Name="Warrior_Pauldron_Tier2" Weight="1" />
      <Item MaxLevel="12" MinLevel="9" Name="Warrior_Pauldron_Tier3" Weight="1" />
      <Item MaxLevel="16" MinLevel="13" Name="Warrior_Pauldron_Tier4" Weight="1" />
      <Item MaxLevel="20" MinLevel="17" Name="Warrior_Pauldron_Tier5" Weight="1" />
      <Item MaxLevel="24" MinLevel="21" Name="Warrior_Pauldron_Tier6" Weight="1" />
      <Item MaxLevel="28" MinLevel="25" Name="Warrior_Pauldron_Tier7" Weight="1" />
      <Item MaxLevel="32" MinLevel="29" Name="Warrior_Pauldron_Tier8" Weight="1" />
      <Item MaxLevel="36" MinLevel="33" Name="Warrior_Pauldron_Tier9" Weight="1" />
      <Item MaxLevel="40" MinLevel="37" Name="Warrior_Pauldron_Tier10" Weight="1" />
      <Item MaxLevel="45" MinLevel="41" Name="Warrior_Pauldron_Tier11" Weight="1" />
      <Item MaxLevel="51" MinLevel="46" Name="Warrior_Pauldron_Tier12" Weight="1" />
      <Item MaxLevel="57" MinLevel="52" Name="Warrior_Pauldron_Tier13" Weight="1" />
      <Item MaxLevel="63" MinLevel="58" Name="Warrior_Pauldron_Tier14" Weight="1" />
      <Item MaxLevel="69" MinLevel="64" Name="Warrior_Pauldron_Tier15" Weight="1" />
      <Item MaxLevel="300" MinLevel="70" Name="Warrior_Pauldron_Tier16" Weight="1" />
    </Loot>
  </LootClass>
  <LootClass Name="LC_Pauldron_Rogue">
    <Pick Value="1" />
    <Level Value="1" />
    <Rarity>
      <RarityAtLevel Level="1" Normal="10" Magic="1" Rare="0" />
      <RarityAtLevel Level="12" Normal="10" Magic="10" Rare="1" />
      <RarityAtLevel Level="20" Normal="99" Magic="600" Rare="300" Legendary="1" />
      <RarityAtLevel Level="32" Normal="0" Magic="0" Rare="450" Legendary="10" />
      <RarityAtLevel Level="45" Normal="0" Magic="0" Rare="700" Legendary="15" />
      <RarityAtLevel Level="60" Normal="0" Magic="0" Rare="499" Legendary="30" />
      <RarityAtLevel Level="90" Normal="0" Magic="0" Rare="490" Legendary="35" />
    </Rarity>
    <NoDrop Value="0" />
    <Loot>
      <Item MaxLevel="4" MinLevel="3" Name="Rogue_Pauldron_Tier1" Weight="1" />
      <Item MaxLevel="8" MinLevel="5" Name="Rogue_Pauldron_Tier2" Weight="1" />
      <Item MaxLevel="12" MinLevel="9" Name="Rogue_Pauldron_Tier3" Weight="1" />
      <Item MaxLevel="16" MinLevel="13" Name="Rogue_Pauldron_Tier4" Weight="1" />
      <Item MaxLevel="20" MinLevel="17" Name="Rogue_Pauldron_Tier5" Weight="1" />
      <Item MaxLevel="24" MinLevel="21" Name="Rogue_Pauldron_Tier6" Weight="1" />
      <Item MaxLevel="28" MinLevel="25" Name="Rogue_Pauldron_Tier7" Weight="1" />
      <Item MaxLevel="32" MinLevel="29" Name="Rogue_Pauldron_Tier8" Weight="1" />
      <Item MaxLevel="36" MinLevel="33" Name="Rogue_Pauldron_Tier9" Weight="1" />
      <Item MaxLevel="40" MinLevel="37" Name="Rogue_Pauldron_Tier10" Weight="1" />
      <Item MaxLevel="45" MinLevel="41" Name="Rogue_Pauldron_Tier11" Weight="1" />
      <Item MaxLevel="51" MinLevel="46" Name="Rogue_Pauldron_Tier12" Weight="1" />
      <Item MaxLevel="57" MinLevel="52" Name="Rogue_Pauldron_Tier13" Weight="1" />
      <Item MaxLevel="63" MinLevel="58" Name="Rogue_Pauldron_Tier14" Weight="1" />
      <Item MaxLevel="69" MinLevel="64" Name="Rogue_Pauldron_Tier15" Weight="1" />
      <Item MaxLevel="300" MinLevel="70" Name="Rogue_Pauldron_Tier16" Weight="1" />
    </Loot>
  </LootClass>
  <LootClass Name="LC_Pauldron_Heavy">
    <Pick Value="1" />
    <Level Value="1" />
    <Rarity>
      <RarityAtLevel Level="1" Normal="10" Magic="1" Rare="0" />
      <RarityAtLevel Level="12" Normal="10" Magic="10" Rare="1" />
      <RarityAtLevel Level="20" Normal="99" Magic="600" Rare="300" Legendary="1" />
      <RarityAtLevel Level="32" Normal="0" Magic="0" Rare="450" Legendary="10" />
      <RarityAtLevel Level="45" Normal="0" Magic="0" Rare="700" Legendary="15" />
      <RarityAtLevel Level="60" Normal="0" Magic="0" Rare="499" Legendary="30" />
      <RarityAtLevel Level="90" Normal="0" Magic="0" Rare="490" Legendary="35" />
    </Rarity>
    <NoDrop Value="0" />
    <Loot>
      <Item MaxLevel="4" MinLevel="3" Name="Heavy_Pauldron_Tier1" Weight="1" />
      <Item MaxLevel="8" MinLevel="5" Name="Heavy_Pauldron_Tier2" Weight="1" />
      <Item MaxLevel="12" MinLevel="9" Name="Heavy_Pauldron_Tier3" Weight="1" />
      <Item MaxLevel="16" MinLevel="13" Name="Heavy_Pauldron_Tier4" Weight="1" />
      <Item MaxLevel="20" MinLevel="17" Name="Heavy_Pauldron_Tier5" Weight="1" />
      <Item MaxLevel="24" MinLevel="21" Name="Heavy_Pauldron_Tier6" Weight="1" />
      <Item MaxLevel="28" MinLevel="25" Name="Heavy_Pauldron_Tier7" Weight="1" />
      <Item MaxLevel="32" MinLevel="29" Name="Heavy_Pauldron_Tier8" Weight="1" />
      <Item MaxLevel="36" MinLevel="33" Name="Heavy_Pauldron_Tier9" Weight="1" />
      <Item MaxLevel="40" MinLevel="37" Name="Heavy_Pauldron_Tier10" Weight="1" />
      <Item MaxLevel="45" MinLevel="41" Name="Heavy_Pauldron_Tier11" Weight="1" />
      <Item MaxLevel="51" MinLevel="46" Name="Heavy_Pauldron_Tier12" Weight="1" />
      <Item MaxLevel="57" MinLevel="52" Name="Heavy_Pauldron_Tier13" Weight="1" />
      <Item MaxLevel="63" MinLevel="58" Name="Heavy_Pauldron_Tier14" Weight="1" />
      <Item MaxLevel="69" MinLevel="64" Name="Heavy_Pauldron_Tier15" Weight="1" />
      <Item MaxLevel="300" MinLevel="70" Name="Heavy_Pauldron_Tier16" Weight="1" />
    </Loot>
  </LootClass>
  <LootClass Name="LC_Boots_Mage">
    <Pick Value="1" />
    <Level Value="1" />
    <Rarity>
      <RarityAtLevel Level="1" Normal="10" Magic="1" Rare="0" />
      <RarityAtLevel Level="12" Normal="10" Magic="10" Rare="1" />
      <RarityAtLevel Level="20" Normal="99" Magic="600" Rare="300" Legendary="1" />
      <RarityAtLevel Level="32" Normal="0" Magic="0" Rare="450" Legendary="10" />
      <RarityAtLevel Level="45" Normal="0" Magic="0" Rare="700" Legendary="15" />
      <RarityAtLevel Level="60" Normal="0" Magic="0" Rare="499" Legendary="30" />
      <RarityAtLevel Level="90" Normal="0" Magic="0" Rare="490" Legendary="35" />
    </Rarity>
    <NoDrop Value="0" />
    <Loot>
      <Item MaxLevel="4" MinLevel="3" Name="Mage_Boots_Tier1" Weight="1" />
      <Item MaxLevel="8" MinLevel="5" Name="Mage_Boots_Tier2" Weight="1" />
      <Item MaxLevel="12" MinLevel="9" Name="Mage_Boots_Tier3" Weight="1" />
      <Item MaxLevel="16" MinLevel="13" Name="Mage_Boots_Tier4" Weight="1" />
      <Item MaxLevel="20" MinLevel="17" Name="Mage_Boots_Tier5" Weight="1" />
      <Item MaxLevel="24" MinLevel="21" Name="Mage_Boots_Tier6" Weight="1" />
      <Item MaxLevel="28" MinLevel="25" Name="Mage_Boots_Tier7" Weight="1" />
      <Item MaxLevel="32" MinLevel="29" Name="Mage_Boots_Tier8" Weight="1" />
      <Item MaxLevel="36" MinLevel="33" Name="Mage_Boots_Tier9" Weight="1" />
      <Item MaxLevel="40" MinLevel="37" Name="Mage_Boots_Tier10" Weight="1" />
      <Item MaxLevel="45" MinLevel="41" Name="Mage_Boots_Tier11" Weight="1" />
      <Item MaxLevel="51" MinLevel="46" Name="Mage_Boots_Tier12" Weight="1" />
      <Item MaxLevel="57" MinLevel="52" Name="Mage_Boots_Tier13" Weight="1" />
      <Item MaxLevel="63" MinLevel="58" Name="Mage_Boots_Tier14" Weight="1" />
      <Item MaxLevel="69" MinLevel="64" Name="Mage_Boots_Tier15" Weight="1" />
      <Item MaxLevel="300" MinLevel="70" Name="Mage_Boots_Tier16" Weight="1" />
    </Loot>
  </LootClass>
  <LootClass Name="LC_Boots_Warrior">
    <Pick Value="1" />
    <Level Value="1" />
    <Rarity>
      <RarityAtLevel Level="1" Normal="10" Magic="1" Rare="0" />
      <RarityAtLevel Level="12" Normal="10" Magic="10" Rare="1" />
      <RarityAtLevel Level="20" Normal="99" Magic="600" Rare="300" Legendary="1" />
      <RarityAtLevel Level="32" Normal="0" Magic="0" Rare="450" Legendary="10" />
      <RarityAtLevel Level="45" Normal="0" Magic="0" Rare="700" Legendary="15" />
      <RarityAtLevel Level="60" Normal="0" Magic="0" Rare="499" Legendary="30" />
      <RarityAtLevel Level="90" Normal="0" Magic="0" Rare="490" Legendary="35" />
    </Rarity>
    <NoDrop Value="0" />
    <Loot>
      <Item MaxLevel="4" MinLevel="3" Name="Warrior_Boots_Tier1" Weight="1" />
      <Item MaxLevel="8" MinLevel="5" Name="Warrior_Boots_Tier2" Weight="1" />
      <Item MaxLevel="12" MinLevel="9" Name="Warrior_Boots_Tier3" Weight="1" />
      <Item MaxLevel="16" MinLevel="13" Name="Warrior_Boots_Tier4" Weight="1" />
      <Item MaxLevel="20" MinLevel="17" Name="Warrior_Boots_Tier5" Weight="1" />
      <Item MaxLevel="24" MinLevel="21" Name="Warrior_Boots_Tier6" Weight="1" />
      <Item MaxLevel="28" MinLevel="25" Name="Warrior_Boots_Tier7" Weight="1" />
      <Item MaxLevel="32" MinLevel="29" Name="Warrior_Boots_Tier8" Weight="1" />
      <Item MaxLevel="36" MinLevel="33" Name="Warrior_Boots_Tier9" Weight="1" />
      <Item MaxLevel="40" MinLevel="37" Name="Warrior_Boots_Tier10" Weight="1" />
      <Item MaxLevel="45" MinLevel="41" Name="Warrior_Boots_Tier11" Weight="1" />
      <Item MaxLevel="51" MinLevel="46" Name="Warrior_Boots_Tier12" Weight="1" />
      <Item MaxLevel="57" MinLevel="52" Name="Warrior_Boots_Tier13" Weight="1" />
      <Item MaxLevel="63" MinLevel="58" Name="Warrior_Boots_Tier14" Weight="1" />
      <Item MaxLevel="69" MinLevel="64" Name="Warrior_Boots_Tier15" Weight="1" />
      <Item MaxLevel="300" MinLevel="70" Name="Warrior_Boots_Tier16" Weight="1" />
    </Loot>
  </LootClass>
  <LootClass Name="LC_Boots_Rogue">
    <Pick Value="1" />
    <Level Value="1" />
    <Rarity>
      <RarityAtLevel Level="1" Normal="10" Magic="1" Rare="0" />
      <RarityAtLevel Level="12" Normal="10" Magic="10" Rare="1" />
      <RarityAtLevel Level="20" Normal="99" Magic="600" Rare="300" Legendary="1" />
      <RarityAtLevel Level="32" Normal="0" Magic="0" Rare="450" Legendary="10" />
      <RarityAtLevel Level="45" Normal="0" Magic="0" Rare="700" Legendary="15" />
      <RarityAtLevel Level="60" Normal="0" Magic="0" Rare="499" Legendary="30" />
      <RarityAtLevel Level="90" Normal="0" Magic="0" Rare="490" Legendary="35" />
    </Rarity>
    <NoDrop Value="0" />
    <Loot>
      <Item MaxLevel="4" MinLevel="3" Name="Rogue_Boots_Tier1" Weight="1" />
      <Item MaxLevel="8" MinLevel="5" Name="Rogue_Boots_Tier2" Weight="1" />
      <Item MaxLevel="12" MinLevel="9" Name="Rogue_Boots_Tier3" Weight="1" />
      <Item MaxLevel="16" MinLevel="13" Name="Rogue_Boots_Tier4" Weight="1" />
      <Item MaxLevel="20" MinLevel="17" Name="Rogue_Boots_Tier5" Weight="1" />
      <Item MaxLevel="24" MinLevel="21" Name="Rogue_Boots_Tier6" Weight="1" />
      <Item MaxLevel="28" MinLevel="25" Name="Rogue_Boots_Tier7" Weight="1" />
      <Item MaxLevel="32" MinLevel="29" Name="Rogue_Boots_Tier8" Weight="1" />
      <Item MaxLevel="36" MinLevel="33" Name="Rogue_Boots_Tier9" Weight="1" />
      <Item MaxLevel="40" MinLevel="37" Name="Rogue_Boots_Tier10" Weight="1" />
      <Item MaxLevel="45" MinLevel="41" Name="Rogue_Boots_Tier11" Weight="1" />
      <Item MaxLevel="51" MinLevel="46" Name="Rogue_Boots_Tier12" Weight="1" />
      <Item MaxLevel="57" MinLevel="52" Name="Rogue_Boots_Tier13" Weight="1" />
      <Item MaxLevel="63" MinLevel="58" Name="Rogue_Boots_Tier14" Weight="1" />
      <Item MaxLevel="69" MinLevel="64" Name="Rogue_Boots_Tier15" Weight="1" />
      <Item MaxLevel="300" MinLevel="70" Name="Rogue_Boots_Tier16" Weight="1" />
    </Loot>
  </LootClass>
  <LootClass Name="LC_Boots_Heavy">
    <Pick Value="1" />
    <Level Value="1" />
    <Rarity>
      <RarityAtLevel Level="1" Normal="10" Magic="1" Rare="0" />
      <RarityAtLevel Level="12" Normal="10" Magic="10" Rare="1" />
      <RarityAtLevel Level="20" Normal="99" Magic="600" Rare="300" Legendary="1" />
      <RarityAtLevel Level="32" Normal="0" Magic="0" Rare="450" Legendary="10" />
      <RarityAtLevel Level="45" Normal="0" Magic="0" Rare="700" Legendary="15" />
      <RarityAtLevel Level="60" Normal="0" Magic="0" Rare="499" Legendary="30" />
      <RarityAtLevel Level="90" Normal="0" Magic="0" Rare="490" Legendary="35" />
    </Rarity>
    <NoDrop Value="0" />
    <Loot>
      <Item MaxLevel="4" MinLevel="3" Name="Heavy_Boots_Tier1" Weight="1" />
      <Item MaxLevel="8" MinLevel="5" Name="Heavy_Boots_Tier2" Weight="1" />
      <Item MaxLevel="12" MinLevel="9" Name="Heavy_Boots_Tier3" Weight="1" />
      <Item MaxLevel="16" MinLevel="13" Name="Heavy_Boots_Tier4" Weight="1" />
      <Item MaxLevel="20" MinLevel="17" Name="Heavy_Boots_Tier5" Weight="1" />
      <Item MaxLevel="24" MinLevel="21" Name="Heavy_Boots_Tier6" Weight="1" />
      <Item MaxLevel="28" MinLevel="25" Name="Heavy_Boots_Tier7" Weight="1" />
      <Item MaxLevel="32" MinLevel="29" Name="Heavy_Boots_Tier8" Weight="1" />
      <Item MaxLevel="36" MinLevel="33" Name="Heavy_Boots_Tier9" Weight="1" />
      <Item MaxLevel="40" MinLevel="37" Name="Heavy_Boots_Tier10" Weight="1" />
      <Item MaxLevel="45" MinLevel="41" Name="Heavy_Boots_Tier11" Weight="1" />
      <Item MaxLevel="51" MinLevel="46" Name="Heavy_Boots_Tier12" Weight="1" />
      <Item MaxLevel="57" MinLevel="52" Name="Heavy_Boots_Tier13" Weight="1" />
      <Item MaxLevel="63" MinLevel="58" Name="Heavy_Boots_Tier14" Weight="1" />
      <Item MaxLevel="69" MinLevel="64" Name="Heavy_Boots_Tier15" Weight="1" />
      <Item MaxLevel="300" MinLevel="70" Name="Heavy_Boots_Tier16" Weight="1" />
    </Loot>
  </LootClass>
  <LootClass Name="LC_Pants_Mage">
    <Pick Value="1" />
    <Level Value="1" />
    <Rarity>
      <RarityAtLevel Level="1" Normal="10" Magic="1" Rare="0" />
      <RarityAtLevel Level="12" Normal="10" Magic="10" Rare="1" />
      <RarityAtLevel Level="20" Normal="99" Magic="600" Rare="300" Legendary="1" />
      <RarityAtLevel Level="32" Normal="0" Magic="0" Rare="450" Legendary="10" />
      <RarityAtLevel Level="45" Normal="0" Magic="0" Rare="700" Legendary="15" />
      <RarityAtLevel Level="60" Normal="0" Magic="0" Rare="499" Legendary="30" />
      <RarityAtLevel Level="90" Normal="0" Magic="0" Rare="490" Legendary="35" />
    </Rarity>
    <NoDrop Value="0" />
    <Loot>
      <Item MaxLevel="4" MinLevel="3" Name="Mage_Pants_Tier1" Weight="1" />
      <Item MaxLevel="8" MinLevel="5" Name="Mage_Pants_Tier2" Weight="1" />
      <Item MaxLevel="12" MinLevel="9" Name="Mage_Pants_Tier3" Weight="1" />
      <Item MaxLevel="16" MinLevel="13" Name="Mage_Pants_Tier4" Weight="1" />
      <Item MaxLevel="20" MinLevel="17" Name="Mage_Pants_Tier5" Weight="1" />
      <Item MaxLevel="24" MinLevel="21" Name="Mage_Pants_Tier6" Weight="1" />
      <Item MaxLevel="28" MinLevel="25" Name="Mage_Pants_Tier7" Weight="1" />
      <Item MaxLevel="32" MinLevel="29" Name="Mage_Pants_Tier8" Weight="1" />
      <Item MaxLevel="36" MinLevel="33" Name="Mage_Pants_Tier9" Weight="1" />
      <Item MaxLevel="40" MinLevel="37" Name="Mage_Pants_Tier10" Weight="1" />
      <Item MaxLevel="45" MinLevel="41" Name="Mage_Pants_Tier11" Weight="1" />
      <Item MaxLevel="51" MinLevel="46" Name="Mage_Pants_Tier12" Weight="1" />
      <Item MaxLevel="57" MinLevel="52" Name="Mage_Pants_Tier13" Weight="1" />
      <Item MaxLevel="63" MinLevel="58" Name="Mage_Pants_Tier14" Weight="1" />
      <Item MaxLevel="69" MinLevel="64" Name="Mage_Pants_Tier15" Weight="1" />
      <Item MaxLevel="300" MinLevel="70" Name="Mage_Pants_Tier16" Weight="1" />
    </Loot>
  </LootClass>
  <LootClass Name="LC_Pants_Warrior">
    <Pick Value="1" />
    <Level Value="1" />
    <Rarity>
      <RarityAtLevel Level="1" Normal="10" Magic="1" Rare="0" />
      <RarityAtLevel Level="12" Normal="10" Magic="10" Rare="1" />
      <RarityAtLevel Level="20" Normal="99" Magic="600" Rare="300" Legendary="1" />
      <RarityAtLevel Level="32" Normal="0" Magic="0" Rare="450" Legendary="10" />
      <RarityAtLevel Level="45" Normal="0" Magic="0" Rare="700" Legendary="15" />
      <RarityAtLevel Level="60" Normal="0" Magic="0" Rare="499" Legendary="30" />
      <RarityAtLevel Level="90" Normal="0" Magic="0" Rare="490" Legendary="35" />
    </Rarity>
    <NoDrop Value="0" />
    <Loot>
      <Item MaxLevel="4" MinLevel="3" Name="Warrior_Pants_Tier1" Weight="1" />
      <Item MaxLevel="8" MinLevel="5" Name="Warrior_Pants_Tier2" Weight="1" />
      <Item MaxLevel="12" MinLevel="9" Name="Warrior_Pants_Tier3" Weight="1" />
      <Item MaxLevel="16" MinLevel="13" Name="Warrior_Pants_Tier4" Weight="1" />
      <Item MaxLevel="20" MinLevel="17" Name="Warrior_Pants_Tier5" Weight="1" />
      <Item MaxLevel="24" MinLevel="21" Name="Warrior_Pants_Tier6" Weight="1" />
      <Item MaxLevel="28" MinLevel="25" Name="Warrior_Pants_Tier7" Weight="1" />
      <Item MaxLevel="32" MinLevel="29" Name="Warrior_Pants_Tier8" Weight="1" />
      <Item MaxLevel="36" MinLevel="33" Name="Warrior_Pants_Tier9" Weight="1" />
      <Item MaxLevel="40" MinLevel="37" Name="Warrior_Pants_Tier10" Weight="1" />
      <Item MaxLevel="45" MinLevel="41" Name="Warrior_Pants_Tier11" Weight="1" />
      <Item MaxLevel="51" MinLevel="46" Name="Warrior_Pants_Tier12" Weight="1" />
      <Item MaxLevel="57" MinLevel="52" Name="Warrior_Pants_Tier13" Weight="1" />
      <Item MaxLevel="63" MinLevel="58" Name="Warrior_Pants_Tier14" Weight="1" />
      <Item MaxLevel="69" MinLevel="64" Name="Warrior_Pants_Tier15" Weight="1" />
      <Item MaxLevel="300" MinLevel="70" Name="Warrior_Pants_Tier16" Weight="1" />
    </Loot>
  </LootClass>
  <LootClass Name="LC_Pants_Rogue">
    <Pick Value="1" />
    <Level Value="1" />
    <Rarity>
      <RarityAtLevel Level="1" Normal="10" Magic="1" Rare="0" />
      <RarityAtLevel Level="12" Normal="10" Magic="10" Rare="1" />
      <RarityAtLevel Level="20" Normal="99" Magic="600" Rare="300" Legendary="1" />
      <RarityAtLevel Level="32" Normal="0" Magic="0" Rare="450" Legendary="10" />
      <RarityAtLevel Level="45" Normal="0" Magic="0" Rare="700" Legendary="15" />
      <RarityAtLevel Level="60" Normal="0" Magic="0" Rare="499" Legendary="30" />
      <RarityAtLevel Level="90" Normal="0" Magic="0" Rare="490" Legendary="35" />
    </Rarity>
    <NoDrop Value="0" />
    <Loot>
      <Item MaxLevel="4" MinLevel="3" Name="Rogue_Pants_Tier1" Weight="1" />
      <Item MaxLevel="8" MinLevel="5" Name="Rogue_Pants_Tier2" Weight="1" />
      <Item MaxLevel="12" MinLevel="9" Name="Rogue_Pants_Tier3" Weight="1" />
      <Item MaxLevel="16" MinLevel="13" Name="Rogue_Pants_Tier4" Weight="1" />
      <Item MaxLevel="20" MinLevel="17" Name="Rogue_Pants_Tier5" Weight="1" />
      <Item MaxLevel="24" MinLevel="21" Name="Rogue_Pants_Tier6" Weight="1" />
      <Item MaxLevel="28" MinLevel="25" Name="Rogue_Pants_Tier7" Weight="1" />
      <Item MaxLevel="32" MinLevel="29" Name="Rogue_Pants_Tier8" Weight="1" />
      <Item MaxLevel="36" MinLevel="33" Name="Rogue_Pants_Tier9" Weight="1" />
      <Item MaxLevel="40" MinLevel="37" Name="Rogue_Pants_Tier10" Weight="1" />
      <Item MaxLevel="45" MinLevel="41" Name="Rogue_Pants_Tier11" Weight="1" />
      <Item MaxLevel="51" MinLevel="46" Name="Rogue_Pants_Tier12" Weight="1" />
      <Item MaxLevel="57" MinLevel="52" Name="Rogue_Pants_Tier13" Weight="1" />
      <Item MaxLevel="63" MinLevel="58" Name="Rogue_Pants_Tier14" Weight="1" />
      <Item MaxLevel="69" MinLevel="64" Name="Rogue_Pants_Tier15" Weight="1" />
      <Item MaxLevel="300" MinLevel="70" Name="Rogue_Pants_Tier16" Weight="1" />
    </Loot>
  </LootClass>
  <LootClass Name="LC_Pants_Heavy">
    <Pick Value="1" />
    <Level Value="1" />
    <Rarity>
      <RarityAtLevel Level="1" Normal="10" Magic="1" Rare="0" />
      <RarityAtLevel Level="12" Normal="10" Magic="10" Rare="1" />
      <RarityAtLevel Level="20" Normal="99" Magic="600" Rare="300" Legendary="1" />
      <RarityAtLevel Level="32" Normal="0" Magic="0" Rare="450" Legendary="10" />
      <RarityAtLevel Level="45" Normal="0" Magic="0" Rare="700" Legendary="15" />
      <RarityAtLevel Level="60" Normal="0" Magic="0" Rare="499" Legendary="30" />
      <RarityAtLevel Level="90" Normal="0" Magic="0" Rare="490" Legendary="35" />
    </Rarity>
    <NoDrop Value="0" />
    <Loot>
      <Item MaxLevel="4" MinLevel="3" Name="Heavy_Pants_Tier1" Weight="1" />
      <Item MaxLevel="8" MinLevel="5" Name="Heavy_Pants_Tier2" Weight="1" />
      <Item MaxLevel="12" MinLevel="9" Name="Heavy_Pants_Tier3" Weight="1" />
      <Item MaxLevel="16" MinLevel="13" Name="Heavy_Pants_Tier4" Weight="1" />
      <Item MaxLevel="20" MinLevel="17" Name="Heavy_Pants_Tier5" Weight="1" />
      <Item MaxLevel="24" MinLevel="21" Name="Heavy_Pants_Tier6" Weight="1" />
      <Item MaxLevel="28" MinLevel="25" Name="Heavy_Pants_Tier7" Weight="1" />
      <Item MaxLevel="32" MinLevel="29" Name="Heavy_Pants_Tier8" Weight="1" />
      <Item MaxLevel="36" MinLevel="33" Name="Heavy_Pants_Tier9" Weight="1" />
      <Item MaxLevel="40" MinLevel="37" Name="Heavy_Pants_Tier10" Weight="1" />
      <Item MaxLevel="45" MinLevel="41" Name="Heavy_Pants_Tier11" Weight="1" />
      <Item MaxLevel="51" MinLevel="46" Name="Heavy_Pants_Tier12" Weight="1" />
      <Item MaxLevel="57" MinLevel="52" Name="Heavy_Pants_Tier13" Weight="1" />
      <Item MaxLevel="63" MinLevel="58" Name="Heavy_Pants_Tier14" Weight="1" />
      <Item MaxLevel="69" MinLevel="64" Name="Heavy_Pants_Tier15" Weight="1" />
      <Item MaxLevel="300" MinLevel="70" Name="Heavy_Pants_Tier16" Weight="1" />
    </Loot>
  </LootClass>
  <LootClass Name="LC_Glove_Mage">
    <Pick Value="1" />
    <Level Value="1" />
    <Rarity>
      <RarityAtLevel Level="1" Normal="10" Magic="1" Rare="0" />
      <RarityAtLevel Level="12" Normal="10" Magic="10" Rare="1" />
      <RarityAtLevel Level="20" Normal="99" Magic="600" Rare="300" Legendary="1" />
      <RarityAtLevel Level="32" Normal="0" Magic="0" Rare="450" Legendary="10" />
      <RarityAtLevel Level="45" Normal="0" Magic="0" Rare="700" Legendary="15" />
      <RarityAtLevel Level="60" Normal="0" Magic="0" Rare="499" Legendary="30" />
      <RarityAtLevel Level="90" Normal="0" Magic="0" Rare="490" Legendary="35" />
    </Rarity>
    <NoDrop Value="0" />
    <Loot>
      <Item MaxLevel="4" MinLevel="3" Name="Mage_Glove_Tier1" Weight="1" />
      <Item MaxLevel="8" MinLevel="5" Name="Mage_Glove_Tier2" Weight="1" />
      <Item MaxLevel="12" MinLevel="9" Name="Mage_Glove_Tier3" Weight="1" />
      <Item MaxLevel="16" MinLevel="13" Name="Mage_Glove_Tier4" Weight="1" />
      <Item MaxLevel="20" MinLevel="17" Name="Mage_Glove_Tier5" Weight="1" />
      <Item MaxLevel="24" MinLevel="21" Name="Mage_Glove_Tier6" Weight="1" />
      <Item MaxLevel="28" MinLevel="25" Name="Mage_Glove_Tier7" Weight="1" />
      <Item MaxLevel="32" MinLevel="29" Name="Mage_Glove_Tier8" Weight="1" />
      <Item MaxLevel="36" MinLevel="33" Name="Mage_Glove_Tier9" Weight="1" />
      <Item MaxLevel="40" MinLevel="37" Name="Mage_Glove_Tier10" Weight="1" />
      <Item MaxLevel="45" MinLevel="41" Name="Mage_Glove_Tier11" Weight="1" />
      <Item MaxLevel="51" MinLevel="46" Name="Mage_Glove_Tier12" Weight="1" />
      <Item MaxLevel="57" MinLevel="52" Name="Mage_Glove_Tier13" Weight="1" />
      <Item MaxLevel="63" MinLevel="58" Name="Mage_Glove_Tier14" Weight="1" />
      <Item MaxLevel="69" MinLevel="64" Name="Mage_Glove_Tier15" Weight="1" />
      <Item MaxLevel="300" MinLevel="70" Name="Mage_Glove_Tier16" Weight="1" />
    </Loot>
  </LootClass>
  <LootClass Name="LC_Glove_Warrior">
    <Pick Value="1" />
    <Level Value="1" />
    <Rarity>
      <RarityAtLevel Level="1" Normal="10" Magic="1" Rare="0" />
      <RarityAtLevel Level="12" Normal="10" Magic="10" Rare="1" />
      <RarityAtLevel Level="20" Normal="99" Magic="600" Rare="300" Legendary="1" />
      <RarityAtLevel Level="32" Normal="0" Magic="0" Rare="450" Legendary="10" />
      <RarityAtLevel Level="45" Normal="0" Magic="0" Rare="700" Legendary="15" />
      <RarityAtLevel Level="60" Normal="0" Magic="0" Rare="499" Legendary="30" />
      <RarityAtLevel Level="90" Normal="0" Magic="0" Rare="490" Legendary="35" />
    </Rarity>
    <NoDrop Value="0" />
    <Loot>
      <Item MaxLevel="4" MinLevel="3" Name="Warrior_Glove_Tier1" Weight="1" />
      <Item MaxLevel="8" MinLevel="5" Name="Warrior_Glove_Tier2" Weight="1" />
      <Item MaxLevel="12" MinLevel="9" Name="Warrior_Glove_Tier3" Weight="1" />
      <Item MaxLevel="16" MinLevel="13" Name="Warrior_Glove_Tier4" Weight="1" />
      <Item MaxLevel="20" MinLevel="17" Name="Warrior_Glove_Tier5" Weight="1" />
      <Item MaxLevel="24" MinLevel="21" Name="Warrior_Glove_Tier6" Weight="1" />
      <Item MaxLevel="28" MinLevel="25" Name="Warrior_Glove_Tier7" Weight="1" />
      <Item MaxLevel="32" MinLevel="29" Name="Warrior_Glove_Tier8" Weight="1" />
      <Item MaxLevel="36" MinLevel="33" Name="Warrior_Glove_Tier9" Weight="1" />
      <Item MaxLevel="40" MinLevel="37" Name="Warrior_Glove_Tier10" Weight="1" />
      <Item MaxLevel="45" MinLevel="41" Name="Warrior_Glove_Tier11" Weight="1" />
      <Item MaxLevel="51" MinLevel="46" Name="Warrior_Glove_Tier12" Weight="1" />
      <Item MaxLevel="57" MinLevel="52" Name="Warrior_Glove_Tier13" Weight="1" />
      <Item MaxLevel="63" MinLevel="58" Name="Warrior_Glove_Tier14" Weight="1" />
      <Item MaxLevel="69" MinLevel="64" Name="Warrior_Glove_Tier15" Weight="1" />
      <Item MaxLevel="300" MinLevel="70" Name="Warrior_Glove_Tier16" Weight="1" />
    </Loot>
  </LootClass>
  <LootClass Name="LC_Glove_Rogue">
    <Pick Value="1" />
    <Level Value="1" />
    <Rarity>
      <RarityAtLevel Level="1" Normal="10" Magic="1" Rare="0" />
      <RarityAtLevel Level="12" Normal="10" Magic="10" Rare="1" />
      <RarityAtLevel Level="20" Normal="99" Magic="600" Rare="300" Legendary="1" />
      <RarityAtLevel Level="32" Normal="0" Magic="0" Rare="450" Legendary="10" />
      <RarityAtLevel Level="45" Normal="0" Magic="0" Rare="700" Legendary="15" />
      <RarityAtLevel Level="60" Normal="0" Magic="0" Rare="499" Legendary="30" />
      <RarityAtLevel Level="90" Normal="0" Magic="0" Rare="490" Legendary="35" />
    </Rarity>
    <NoDrop Value="0" />
    <Loot>
      <Item MaxLevel="4" MinLevel="3" Name="Rogue_Glove_Tier1" Weight="1" />
      <Item MaxLevel="8" MinLevel="5" Name="Rogue_Glove_Tier2" Weight="1" />
      <Item MaxLevel="12" MinLevel="9" Name="Rogue_Glove_Tier3" Weight="1" />
      <Item MaxLevel="16" MinLevel="13" Name="Rogue_Glove_Tier4" Weight="1" />
      <Item MaxLevel="20" MinLevel="17" Name="Rogue_Glove_Tier5" Weight="1" />
      <Item MaxLevel="24" MinLevel="21" Name="Rogue_Glove_Tier6" Weight="1" />
      <Item MaxLevel="28" MinLevel="25" Name="Rogue_Glove_Tier7" Weight="1" />
      <Item MaxLevel="32" MinLevel="29" Name="Rogue_Glove_Tier8" Weight="1" />
      <Item MaxLevel="36" MinLevel="33" Name="Rogue_Glove_Tier9" Weight="1" />
      <Item MaxLevel="40" MinLevel="37" Name="Rogue_Glove_Tier10" Weight="1" />
      <Item MaxLevel="45" MinLevel="41" Name="Rogue_Glove_Tier11" Weight="1" />
      <Item MaxLevel="51" MinLevel="46" Name="Rogue_Glove_Tier12" Weight="1" />
      <Item MaxLevel="57" MinLevel="52" Name="Rogue_Glove_Tier13" Weight="1" />
      <Item MaxLevel="63" MinLevel="58" Name="Rogue_Glove_Tier14" Weight="1" />
      <Item MaxLevel="69" MinLevel="64" Name="Rogue_Glove_Tier15" Weight="1" />
      <Item MaxLevel="300" MinLevel="70" Name="Rogue_Glove_Tier16" Weight="1" />
    </Loot>
  </LootClass>
  <LootClass Name="LC_Glove_Heavy">
    <Pick Value="1" />
    <Level Value="1" />
    <Rarity>
      <RarityAtLevel Level="1" Normal="10" Magic="1" Rare="0" />
      <RarityAtLevel Level="12" Normal="10" Magic="10" Rare="1" />
      <RarityAtLevel Level="20" Normal="99" Magic="600" Rare="300" Legendary="1" />
      <RarityAtLevel Level="32" Normal="0" Magic="0" Rare="450" Legendary="10" />
      <RarityAtLevel Level="45" Normal="0" Magic="0" Rare="700" Legendary="15" />
      <RarityAtLevel Level="60" Normal="0" Magic="0" Rare="499" Legendary="30" />
      <RarityAtLevel Level="90" Normal="0" Magic="0" Rare="490" Legendary="35" />
    </Rarity>
    <NoDrop Value="0" />
    <Loot>
      <Item MaxLevel="4" MinLevel="3" Name="Heavy_Glove_Tier1" Weight="1" />
      <Item MaxLevel="8" MinLevel="5" Name="Heavy_Glove_Tier2" Weight="1" />
      <Item MaxLevel="12" MinLevel="9" Name="Heavy_Glove_Tier3" Weight="1" />
      <Item MaxLevel="16" MinLevel="13" Name="Heavy_Glove_Tier4" Weight="1" />
      <Item MaxLevel="20" MinLevel="17" Name="Heavy_Glove_Tier5" Weight="1" />
      <Item MaxLevel="24" MinLevel="21" Name="Heavy_Glove_Tier6" Weight="1" />
      <Item MaxLevel="28" MinLevel="25" Name="Heavy_Glove_Tier7" Weight="1" />
      <Item MaxLevel="32" MinLevel="29" Name="Heavy_Glove_Tier8" Weight="1" />
      <Item MaxLevel="36" MinLevel="33" Name="Heavy_Glove_Tier9" Weight="1" />
      <Item MaxLevel="40" MinLevel="37" Name="Heavy_Glove_Tier10" Weight="1" />
      <Item MaxLevel="45" MinLevel="41" Name="Heavy_Glove_Tier11" Weight="1" />
      <Item MaxLevel="51" MinLevel="46" Name="Heavy_Glove_Tier12" Weight="1" />
      <Item MaxLevel="57" MinLevel="52" Name="Heavy_Glove_Tier13" Weight="1" />
      <Item MaxLevel="63" MinLevel="58" Name="Heavy_Glove_Tier14" Weight="1" />
      <Item MaxLevel="69" MinLevel="64" Name="Heavy_Glove_Tier15" Weight="1" />
      <Item MaxLevel="300" MinLevel="70" Name="Heavy_Glove_Tier16" Weight="1" />
    </Loot>
  </LootClass>
  <LootClass Name="LC_ChestArmor_Mage">
    <Pick Value="1" />
    <Level Value="1" />
    <Rarity>
      <RarityAtLevel Level="1" Normal="10" Magic="1" Rare="0" />
      <RarityAtLevel Level="12" Normal="10" Magic="10" Rare="1" />
      <RarityAtLevel Level="20" Normal="99" Magic="600" Rare="300" Legendary="1" />
      <RarityAtLevel Level="32" Normal="0" Magic="0" Rare="450" Legendary="10" />
      <RarityAtLevel Level="45" Normal="0" Magic="0" Rare="700" Legendary="15" />
      <RarityAtLevel Level="60" Normal="0" Magic="0" Rare="499" Legendary="30" />
      <RarityAtLevel Level="90" Normal="0" Magic="0" Rare="490" Legendary="35" />
    </Rarity>
    <NoDrop Value="0" />
    <Loot>
      <Item MaxLevel="4" MinLevel="3" Name="Mage_ChestArmor_Tier1" Weight="1" />
      <Item MaxLevel="8" MinLevel="5" Name="Mage_ChestArmor_Tier2" Weight="1" />
      <Item MaxLevel="12" MinLevel="9" Name="Mage_ChestArmor_Tier3" Weight="1" />
      <Item MaxLevel="16" MinLevel="13" Name="Mage_ChestArmor_Tier4" Weight="1" />
      <Item MaxLevel="20" MinLevel="17" Name="Mage_ChestArmor_Tier5" Weight="1" />
      <Item MaxLevel="24" MinLevel="21" Name="Mage_ChestArmor_Tier6" Weight="1" />
      <Item MaxLevel="28" MinLevel="25" Name="Mage_ChestArmor_Tier7" Weight="1" />
      <Item MaxLevel="32" MinLevel="29" Name="Mage_ChestArmor_Tier8" Weight="1" />
      <Item MaxLevel="36" MinLevel="33" Name="Mage_ChestArmor_Tier9" Weight="1" />
      <Item MaxLevel="40" MinLevel="37" Name="Mage_ChestArmor_Tier10" Weight="1" />
      <Item MaxLevel="45" MinLevel="41" Name="Mage_ChestArmor_Tier11" Weight="1" />
      <Item MaxLevel="51" MinLevel="46" Name="Mage_ChestArmor_Tier12" Weight="1" />
      <Item MaxLevel="57" MinLevel="52" Name="Mage_ChestArmor_Tier13" Weight="1" />
      <Item MaxLevel="63" MinLevel="58" Name="Mage_ChestArmor_Tier14" Weight="1" />
      <Item MaxLevel="69" MinLevel="64" Name="Mage_ChestArmor_Tier15" Weight="1" />
      <Item MaxLevel="300" MinLevel="70" Name="Mage_ChestArmor_Tier16" Weight="1" />
    </Loot>
  </LootClass>
  <LootClass Name="LC_ChestArmor_Warrior">
    <Pick Value="1" />
    <Level Value="1" />
    <Rarity>
      <RarityAtLevel Level="1" Normal="10" Magic="1" Rare="0" />
      <RarityAtLevel Level="12" Normal="10" Magic="10" Rare="1" />
      <RarityAtLevel Level="20" Normal="99" Magic="600" Rare="300" Legendary="1" />
      <RarityAtLevel Level="32" Normal="0" Magic="0" Rare="450" Legendary="10" />
      <RarityAtLevel Level="45" Normal="0" Magic="0" Rare="700" Legendary="15" />
      <RarityAtLevel Level="60" Normal="0" Magic="0" Rare="499" Legendary="30" />
      <RarityAtLevel Level="90" Normal="0" Magic="0" Rare="490" Legendary="35" />
    </Rarity>
    <NoDrop Value="0" />
    <Loot>
      <Item MaxLevel="4" MinLevel="3" Name="Warrior_ChestArmor_Tier1" Weight="1" />
      <Item MaxLevel="8" MinLevel="5" Name="Warrior_ChestArmor_Tier2" Weight="1" />
      <Item MaxLevel="12" MinLevel="9" Name="Warrior_ChestArmor_Tier3" Weight="1" />
      <Item MaxLevel="16" MinLevel="13" Name="Warrior_ChestArmor_Tier4" Weight="1" />
      <Item MaxLevel="20" MinLevel="17" Name="Warrior_ChestArmor_Tier5" Weight="1" />
      <Item MaxLevel="24" MinLevel="21" Name="Warrior_ChestArmor_Tier6" Weight="1" />
      <Item MaxLevel="28" MinLevel="25" Name="Warrior_ChestArmor_Tier7" Weight="1" />
      <Item MaxLevel="32" MinLevel="29" Name="Warrior_ChestArmor_Tier8" Weight="1" />
      <Item MaxLevel="36" MinLevel="33" Name="Warrior_ChestArmor_Tier9" Weight="1" />
      <Item MaxLevel="40" MinLevel="37" Name="Warrior_ChestArmor_Tier10" Weight="1" />
      <Item MaxLevel="45" MinLevel="41" Name="Warrior_ChestArmor_Tier11" Weight="1" />
      <Item MaxLevel="51" MinLevel="46" Name="Warrior_ChestArmor_Tier12" Weight="1" />
      <Item MaxLevel="57" MinLevel="52" Name="Warrior_ChestArmor_Tier13" Weight="1" />
      <Item MaxLevel="63" MinLevel="58" Name="Warrior_ChestArmor_Tier14" Weight="1" />
      <Item MaxLevel="69" MinLevel="64" Name="Warrior_ChestArmor_Tier15" Weight="1" />
      <Item MaxLevel="300" MinLevel="70" Name="Warrior_ChestArmor_Tier16" Weight="1" />
    </Loot>
  </LootClass>
  <LootClass Name="LC_ChestArmor_Rogue">
    <Pick Value="1" />
    <Level Value="1" />
    <Rarity>
      <RarityAtLevel Level="1" Normal="10" Magic="1" Rare="0" />
      <RarityAtLevel Level="12" Normal="10" Magic="10" Rare="1" />
      <RarityAtLevel Level="20" Normal="99" Magic="600" Rare="300" Legendary="1" />
      <RarityAtLevel Level="32" Normal="0" Magic="0" Rare="450" Legendary="10" />
      <RarityAtLevel Level="45" Normal="0" Magic="0" Rare="700" Legendary="15" />
      <RarityAtLevel Level="60" Normal="0" Magic="0" Rare="499" Legendary="30" />
      <RarityAtLevel Level="90" Normal="0" Magic="0" Rare="490" Legendary="35" />
    </Rarity>
    <NoDrop Value="0" />
    <Loot>
      <Item MaxLevel="4" MinLevel="3" Name="Rogue_ChestArmor_Tier1" Weight="1" />
      <Item MaxLevel="8" MinLevel="5" Name="Rogue_ChestArmor_Tier2" Weight="1" />
      <Item MaxLevel="12" MinLevel="9" Name="Rogue_ChestArmor_Tier3" Weight="1" />
      <Item MaxLevel="16" MinLevel="13" Name="Rogue_ChestArmor_Tier4" Weight="1" />
      <Item MaxLevel="20" MinLevel="17" Name="Rogue_ChestArmor_Tier5" Weight="1" />
      <Item MaxLevel="24" MinLevel="21" Name="Rogue_ChestArmor_Tier6" Weight="1" />
      <Item MaxLevel="28" MinLevel="25" Name="Rogue_ChestArmor_Tier7" Weight="1" />
      <Item MaxLevel="32" MinLevel="29" Name="Rogue_ChestArmor_Tier8" Weight="1" />
      <Item MaxLevel="36" MinLevel="33" Name="Rogue_ChestArmor_Tier9" Weight="1" />
      <Item MaxLevel="40" MinLevel="37" Name="Rogue_ChestArmor_Tier10" Weight="1" />
      <Item MaxLevel="45" MinLevel="41" Name="Rogue_ChestArmor_Tier11" Weight="1" />
      <Item MaxLevel="51" MinLevel="46" Name="Rogue_ChestArmor_Tier12" Weight="1" />
      <Item MaxLevel="57" MinLevel="52" Name="Rogue_ChestArmor_Tier13" Weight="1" />
      <Item MaxLevel="63" MinLevel="58" Name="Rogue_ChestArmor_Tier14" Weight="1" />
      <Item MaxLevel="69" MinLevel="64" Name="Rogue_ChestArmor_Tier15" Weight="1" />
      <Item MaxLevel="300" MinLevel="70" Name="Rogue_ChestArmor_Tier16" Weight="1" />
    </Loot>
  </LootClass>
  <LootClass Name="LC_ChestArmor_Heavy">
    <Pick Value="1" />
    <Level Value="1" />
    <Rarity>
      <RarityAtLevel Level="1" Normal="10" Magic="1" Rare="0" />
      <RarityAtLevel Level="12" Normal="10" Magic="10" Rare="1" />
      <RarityAtLevel Level="20" Normal="99" Magic="600" Rare="300" Legendary="1" />
      <RarityAtLevel Level="32" Normal="0" Magic="0" Rare="450" Legendary="10" />
      <RarityAtLevel Level="45" Normal="0" Magic="0" Rare="700" Legendary="15" />
      <RarityAtLevel Level="60" Normal="0" Magic="0" Rare="499" Legendary="30" />
      <RarityAtLevel Level="90" Normal="0" Magic="0" Rare="490" Legendary="35" />
    </Rarity>
    <NoDrop Value="0" />
    <Loot>
      <Item MaxLevel="4" MinLevel="3" Name="Heavy_ChestArmor_Tier1" Weight="1" />
      <Item MaxLevel="8" MinLevel="5" Name="Heavy_ChestArmor_Tier2" Weight="1" />
      <Item MaxLevel="12" MinLevel="9" Name="Heavy_ChestArmor_Tier3" Weight="1" />
      <Item MaxLevel="16" MinLevel="13" Name="Heavy_ChestArmor_Tier4" Weight="1" />
      <Item MaxLevel="20" MinLevel="17" Name="Heavy_ChestArmor_Tier5" Weight="1" />
      <Item MaxLevel="24" MinLevel="21" Name="Heavy_ChestArmor_Tier6" Weight="1" />
      <Item MaxLevel="28" MinLevel="25" Name="Heavy_ChestArmor_Tier7" Weight="1" />
      <Item MaxLevel="32" MinLevel="29" Name="Heavy_ChestArmor_Tier8" Weight="1" />
      <Item MaxLevel="36" MinLevel="33" Name="Heavy_ChestArmor_Tier9" Weight="1" />
      <Item MaxLevel="40" MinLevel="37" Name="Heavy_ChestArmor_Tier10" Weight="1" />
      <Item MaxLevel="45" MinLevel="41" Name="Heavy_ChestArmor_Tier11" Weight="1" />
      <Item MaxLevel="51" MinLevel="46" Name="Heavy_ChestArmor_Tier12" Weight="1" />
      <Item MaxLevel="57" MinLevel="52" Name="Heavy_ChestArmor_Tier13" Weight="1" />
      <Item MaxLevel="63" MinLevel="58" Name="Heavy_ChestArmor_Tier14" Weight="1" />
      <Item MaxLevel="69" MinLevel="64" Name="Heavy_ChestArmor_Tier15" Weight="1" />
      <Item MaxLevel="300" MinLevel="70" Name="Heavy_ChestArmor_Tier16" Weight="1" />
    </Loot>
  </LootClass>
  <LootClass Name="LC_Belt">
    <Pick Value="1" />
    <Level Value="1" />
    <Rarity>
      <RarityAtLevel Level="1" Normal="10" Magic="1" Rare="0" />
      <RarityAtLevel Level="12" Normal="10" Magic="10" Rare="1" />
      <RarityAtLevel Level="20" Normal="99" Magic="600" Rare="300" Legendary="1" />
      <RarityAtLevel Level="32" Normal="0" Magic="0" Rare="450" Legendary="10" />
      <RarityAtLevel Level="45" Normal="0" Magic="0" Rare="700" Legendary="15" />
      <RarityAtLevel Level="60" Normal="0" Magic="0" Rare="499" Legendary="30" />
      <RarityAtLevel Level="90" Normal="0" Magic="0" Rare="490" Legendary="35" />
    </Rarity>
    <NoDrop Value="0" />
    <Loot>
      <Item MaxLevel="20" MinLevel="6" Name="Alchemist_Sash" Weight="1" />
      <Item MaxLevel="20" MinLevel="6" Name="Heavy_Belt" Weight="1" />
      <Item MaxLevel="20" MinLevel="6" Name="Assassin_Waistband" Weight="1" />
      <Item MaxLevel="20" MinLevel="6" Name="Gladiator_Belt" Weight="1" />
      <Item MaxLevel="20" MinLevel="6" Name="Templar_Waistband" Weight="1" />
      <Item MaxLevel="40" MinLevel="21" Name="Alchemist_Sash_1" Weight="1" />
      <Item MaxLevel="40" MinLevel="21" Name="Heavy_Belt_1" Weight="1" />
      <Item MaxLevel="40" MinLevel="21" Name="Assassin_Waistband_1" Weight="1" />
      <Item MaxLevel="40" MinLevel="21" Name="Gladiator_Belt_1" Weight="1" />
      <Item MaxLevel="40" MinLevel="21" Name="Templar_Waistband_1" Weight="1" />
      <Item MaxLevel="50" MinLevel="41" Name="Alchemist_Sash_2" Weight="1" />
      <Item MaxLevel="50" MinLevel="41" Name="Heavy_Belt_2" Weight="1" />
      <Item MaxLevel="50" MinLevel="41" Name="Assassin_Waistband_2" Weight="1" />
      <Item MaxLevel="50" MinLevel="41" Name="Gladiator_Belt_2" Weight="1" />
      <Item MaxLevel="50" MinLevel="41" Name="Templar_Waistband_2" Weight="1" />
      <Item MaxLevel="60" MinLevel="51" Name="Alchemist_Sash_3" Weight="1" />
      <Item MaxLevel="60" MinLevel="51" Name="Heavy_Belt_3" Weight="1" />
      <Item MaxLevel="60" MinLevel="51" Name="Assassin_Waistband_3" Weight="1" />
      <Item MaxLevel="60" MinLevel="51" Name="Gladiator_Belt_3" Weight="1" />
      <Item MaxLevel="60" MinLevel="51" Name="Templar_Waistband_3" Weight="1" />
      <Item MaxLevel="300" MinLevel="61" Name="Alchemist_Sash_4" Weight="1" />
      <Item MaxLevel="300" MinLevel="61" Name="Heavy_Belt_4" Weight="1" />
      <Item MaxLevel="300" MinLevel="61" Name="Assassin_Waistband_4" Weight="1" />
      <Item MaxLevel="300" MinLevel="61" Name="Gladiator_Belt_4" Weight="1" />
      <Item MaxLevel="300" MinLevel="61" Name="Templar_Waistband_4" Weight="1" />
    </Loot>
  </LootClass>
  <LootClass Name="LC_Ring">
    <Pick Value="1" />
    <Level Value="1" />
    <Rarity>
      <RarityAtLevel Level="1" Normal="10" Magic="1" Rare="0" />
      <RarityAtLevel Level="12" Normal="10" Magic="10" Rare="1" />
      <RarityAtLevel Level="20" Normal="99" Magic="600" Rare="300" Legendary="1" />
      <RarityAtLevel Level="32" Normal="0" Magic="0" Rare="450" Legendary="10" />
      <RarityAtLevel Level="45" Normal="0" Magic="0" Rare="700" Legendary="15" />
      <RarityAtLevel Level="60" Normal="0" Magic="0" Rare="499" Legendary="30" />
      <RarityAtLevel Level="90" Normal="0" Magic="0" Rare="490" Legendary="35" />
    </Rarity>
    <NoDrop Value="0" />
    <Loot>
      <Item MaxLevel="20" MinLevel="6" Name="Topaz_Ring" Weight="1" />
      <Item MaxLevel="20" MinLevel="7" Name="Aquamarine_Ring" Weight="1" />
      <Item MaxLevel="20" MinLevel="7" Name="Sapphire_Ring" Weight="1" />
      <Item MaxLevel="20" MinLevel="7" Name="Emerald_Ring" Weight="1" />
      <Item MaxLevel="20" MinLevel="7" Name="Ruby_Ring" Weight="1" />
      <Item MaxLevel="20" MinLevel="7" Name="Bloodstar_Ring" Weight="1" />
      <Item MaxLevel="20" MinLevel="7" Name="Steel_Ring" Weight="1" />
      <Item MaxLevel="40" MinLevel="21" Name="Topaz_Ring_1" Weight="1" />
      <Item MaxLevel="40" MinLevel="21" Name="Aquamarine_Ring_1" Weight="1" />
      <Item MaxLevel="40" MinLevel="21" Name="Sapphire_Ring_1" Weight="1" />
      <Item MaxLevel="40" MinLevel="21" Name="Emerald_Ring_1" Weight="1" />
      <Item MaxLevel="40" MinLevel="21" Name="Ruby_Ring_1" Weight="1" />
      <Item MaxLevel="40" MinLevel="21" Name="Bloodstar_Ring_1" Weight="1" />
      <Item MaxLevel="40" MinLevel="21" Name="Steel_Ring_1" Weight="1" />
      <Item MaxLevel="50" MinLevel="41" Name="Topaz_Ring_2" Weight="1" />
      <Item MaxLevel="50" MinLevel="41" Name="Aquamarine_Ring_2" Weight="1" />
      <Item MaxLevel="50" MinLevel="41" Name="Sapphire_Ring_2" Weight="1" />
      <Item MaxLevel="50" MinLevel="41" Name="Emerald_Ring_2" Weight="1" />
      <Item MaxLevel="50" MinLevel="41" Name="Ruby_Ring_2" Weight="1" />
      <Item MaxLevel="50" MinLevel="41" Name="Bloodstar_Ring_2" Weight="1" />
      <Item MaxLevel="50" MinLevel="41" Name="Steel_Ring_2" Weight="1" />
      <Item MaxLevel="60" MinLevel="51" Name="Topaz_Ring_3" Weight="1" />
      <Item MaxLevel="60" MinLevel="51" Name="Aquamarine_Ring_3" Weight="1" />
      <Item MaxLevel="60" MinLevel="51" Name="Sapphire_Ring_3" Weight="1" />
      <Item MaxLevel="60" MinLevel="51" Name="Emerald_Ring_3" Weight="1" />
      <Item MaxLevel="60" MinLevel="51" Name="Ruby_Ring_3" Weight="1" />
      <Item MaxLevel="60" MinLevel="51" Name="Bloodstar_Ring_3" Weight="1" />
      <Item MaxLevel="60" MinLevel="51" Name="Steel_Ring_3" Weight="1" />
      <Item MaxLevel="300" MinLevel="61" Name="Topaz_Ring_4" Weight="1" />
      <Item MaxLevel="300" MinLevel="61" Name="Aquamarine_Ring_4" Weight="1" />
      <Item MaxLevel="300" MinLevel="61" Name="Sapphire_Ring_4" Weight="1" />
      <Item MaxLevel="300" MinLevel="61" Name="Emerald_Ring_4" Weight="1" />
      <Item MaxLevel="300" MinLevel="61" Name="Ruby_Ring_4" Weight="1" />
      <Item MaxLevel="300" MinLevel="61" Name="Bloodstar_Ring_4" Weight="1" />
      <Item MaxLevel="300" MinLevel="61" Name="Steel_Ring_4" Weight="1" />
    </Loot>
  </LootClass>
  <LootClass Name="LC_Amulet">
    <Pick Value="1" />
    <Level Value="1" />
    <Rarity>
      <RarityAtLevel Level="1" Normal="10" Magic="1" Rare="0" />
      <RarityAtLevel Level="12" Normal="10" Magic="10" Rare="1" />
      <RarityAtLevel Level="20" Normal="99" Magic="600" Rare="300" Legendary="1" />
      <RarityAtLevel Level="32" Normal="0" Magic="0" Rare="450" Legendary="10" />
      <RarityAtLevel Level="45" Normal="0" Magic="0" Rare="700" Legendary="15" />
      <RarityAtLevel Level="60" Normal="0" Magic="0" Rare="499" Legendary="30" />
      <RarityAtLevel Level="90" Normal="0" Magic="0" Rare="490" Legendary="35" />
    </Rarity>
    <NoDrop Value="0" />
    <Loot>
      <Item MaxLevel="20" MinLevel="8" Name="Amethyst_Amulet" Weight="1" />
      <Item MaxLevel="20" MinLevel="8" Name="Ruby_Amulet" Weight="1" />
      <Item MaxLevel="20" MinLevel="8" Name="Goldstone_Amulet" Weight="1" />
      <Item MaxLevel="20" MinLevel="8" Name="Emerald_Amulet" Weight="1" />
      <Item MaxLevel="20" MinLevel="8" Name="Omnistar_Amulet" Weight="1" />
      <Item MaxLevel="40" MinLevel="21" Name="Amethyst_Amulet_1" Weight="1" />
      <Item MaxLevel="40" MinLevel="21" Name="Ruby_Amulet_1" Weight="1" />
      <Item MaxLevel="40" MinLevel="21" Name="Goldstone_Amulet_1" Weight="1" />
      <Item MaxLevel="40" MinLevel="21" Name="Emerald_Amulet_1" Weight="1" />
      <Item MaxLevel="40" MinLevel="21" Name="Omnistar_Amulet_1" Weight="1" />
      <Item MaxLevel="50" MinLevel="41" Name="Amethyst_Amulet_2" Weight="1" />
      <Item MaxLevel="50" MinLevel="41" Name="Ruby_Amulet_2" Weight="1" />
      <Item MaxLevel="50" MinLevel="41" Name="Goldstone_Amulet_2" Weight="1" />
      <Item MaxLevel="50" MinLevel="41" Name="Emerald_Amulet_2" Weight="1" />
      <Item MaxLevel="50" MinLevel="41" Name="Omnistar_Amulet_2" Weight="1" />
      <Item MaxLevel="60" MinLevel="51" Name="Amethyst_Amulet_3" Weight="1" />
      <Item MaxLevel="60" MinLevel="51" Name="Ruby_Amulet_3" Weight="1" />
      <Item MaxLevel="60" MinLevel="51" Name="Goldstone_Amulet_3" Weight="1" />
      <Item MaxLevel="60" MinLevel="51" Name="Emerald_Amulet_3" Weight="1" />
      <Item MaxLevel="60" MinLevel="51" Name="Omnistar_Amulet_3" Weight="1" />
      <Item MaxLevel="300" MinLevel="61" Name="Amethyst_Amulet_4" Weight="1" />
      <Item MaxLevel="300" MinLevel="61" Name="Ruby_Amulet_4" Weight="1" />
      <Item MaxLevel="300" MinLevel="61" Name="Goldstone_Amulet_4" Weight="1" />
      <Item MaxLevel="300" MinLevel="61" Name="Emerald_Amulet_4" Weight="1" />
      <Item MaxLevel="300" MinLevel="61" Name="Omnistar_Amulet_4" Weight="1" />
    </Loot>
  </LootClass>
  <LootClass Name="LC_1H_Sword">
    <Pick Value="1" />
    <Level Value="1" />
    <Rarity>
      <RarityAtLevel Level="1" Normal="10" Magic="1" Rare="0" />
      <RarityAtLevel Level="12" Normal="10" Magic="10" Rare="1" />
      <RarityAtLevel Level="20" Normal="99" Magic="600" Rare="300" Legendary="1" />
      <RarityAtLevel Level="32" Normal="0" Magic="0" Rare="450" Legendary="10" />
      <RarityAtLevel Level="45" Normal="0" Magic="0" Rare="700" Legendary="15" />
      <RarityAtLevel Level="60" Normal="0" Magic="0" Rare="499" Legendary="30" />
      <RarityAtLevel Level="90" Normal="0" Magic="0" Rare="490" Legendary="35" />
    </Rarity>
    <NoDrop Value="0" />
    <Loot>
      <Item MaxLevel="4" MinLevel="1" Name="1H_Sword_Tier1" Weight="1" />
      <Item MaxLevel="8" MinLevel="5" Name="1H_Sword_Tier2" Weight="1" />
      <Item MaxLevel="12" MinLevel="9" Name="1H_Sword_Tier3" Weight="1" />
      <Item MaxLevel="16" MinLevel="13" Name="1H_Sword_Tier4" Weight="1" />
      <Item MaxLevel="20" MinLevel="17" Name="1H_Sword_Tier5" Weight="1" />
      <Item MaxLevel="24" MinLevel="21" Name="1H_Sword_Tier6" Weight="1" />
      <Item MaxLevel="28" MinLevel="25" Name="1H_Sword_Tier7" Weight="1" />
      <Item MaxLevel="32" MinLevel="29" Name="1H_Sword_Tier8" Weight="1" />
      <Item MaxLevel="36" MinLevel="33" Name="1H_Sword_Tier9" Weight="1" />
      <Item MaxLevel="40" MinLevel="37" Name="1H_Sword_Tier10" Weight="1" />
      <Item MaxLevel="45" MinLevel="41" Name="1H_Sword_Tier11" Weight="1" />
      <Item MaxLevel="51" MinLevel="46" Name="1H_Sword_Tier12" Weight="1" />
      <Item MaxLevel="57" MinLevel="52" Name="1H_Sword_Tier13" Weight="1" />
      <Item MaxLevel="63" MinLevel="58" Name="1H_Sword_Tier14" Weight="1" />
      <Item MaxLevel="69" MinLevel="64" Name="1H_Sword_Tier15" Weight="1" />
      <Item MaxLevel="300" MinLevel="70" Name="1H_Sword_Tier16" Weight="1" />
    </Loot>
  </LootClass>
  <LootClass Name="LC_1H_Axe">
    <Pick Value="1" />
    <Level Value="1" />
    <Rarity>
      <RarityAtLevel Level="1" Normal="10" Magic="1" Rare="0" />
      <RarityAtLevel Level="12" Normal="10" Magic="10" Rare="1" />
      <RarityAtLevel Level="20" Normal="99" Magic="600" Rare="300" Legendary="1" />
      <RarityAtLevel Level="32" Normal="0" Magic="0" Rare="450" Legendary="10" />
      <RarityAtLevel Level="45" Normal="0" Magic="0" Rare="700" Legendary="15" />
      <RarityAtLevel Level="60" Normal="0" Magic="0" Rare="499" Legendary="30" />
      <RarityAtLevel Level="90" Normal="0" Magic="0" Rare="490" Legendary="35" />
    </Rarity>
    <NoDrop Value="0" />
    <Loot>
      <Item MaxLevel="4" MinLevel="1" Name="1H_Axe_Tier1" Weight="1" />
      <Item MaxLevel="8" MinLevel="5" Name="1H_Axe_Tier2" Weight="1" />
      <Item MaxLevel="12" MinLevel="9" Name="1H_Axe_Tier3" Weight="1" />
      <Item MaxLevel="16" MinLevel="13" Name="1H_Axe_Tier4" Weight="1" />
      <Item MaxLevel="20" MinLevel="17" Name="1H_Axe_Tier5" Weight="1" />
      <Item MaxLevel="24" MinLevel="21" Name="1H_Axe_Tier6" Weight="1" />
      <Item MaxLevel="28" MinLevel="25" Name="1H_Axe_Tier7" Weight="1" />
      <Item MaxLevel="32" MinLevel="29" Name="1H_Axe_Tier8" Weight="1" />
      <Item MaxLevel="36" MinLevel="33" Name="1H_Axe_Tier9" Weight="1" />
      <Item MaxLevel="40" MinLevel="37" Name="1H_Axe_Tier10" Weight="1" />
      <Item MaxLevel="45" MinLevel="41" Name="1H_Axe_Tier11" Weight="1" />
      <Item MaxLevel="51" MinLevel="46" Name="1H_Axe_Tier12" Weight="1" />
      <Item MaxLevel="57" MinLevel="52" Name="1H_Axe_Tier13" Weight="1" />
      <Item MaxLevel="63" MinLevel="58" Name="1H_Axe_Tier14" Weight="1" />
      <Item MaxLevel="69" MinLevel="64" Name="1H_Axe_Tier15" Weight="1" />
      <Item MaxLevel="300" MinLevel="70" Name="1H_Axe_Tier16" Weight="1" />
    </Loot>
  </LootClass>
  <LootClass Name="LC_1H_Hammer">
    <Pick Value="1" />
    <Level Value="1" />
    <Rarity>
      <RarityAtLevel Level="1" Normal="10" Magic="1" Rare="0" />
      <RarityAtLevel Level="12" Normal="10" Magic="10" Rare="1" />
      <RarityAtLevel Level="20" Normal="99" Magic="600" Rare="300" Legendary="1" />
      <RarityAtLevel Level="32" Normal="0" Magic="0" Rare="450" Legendary="10" />
      <RarityAtLevel Level="45" Normal="0" Magic="0" Rare="700" Legendary="15" />
      <RarityAtLevel Level="60" Normal="0" Magic="0" Rare="499" Legendary="30" />
      <RarityAtLevel Level="90" Normal="0" Magic="0" Rare="490" Legendary="35" />
    </Rarity>
    <NoDrop Value="0" />
    <Loot>
      <Item MaxLevel="4" MinLevel="1" Name="1H_Hammer_Tier1" Weight="1" />
      <Item MaxLevel="8" MinLevel="5" Name="1H_Hammer_Tier2" Weight="1" />
      <Item MaxLevel="12" MinLevel="9" Name="1H_Hammer_Tier3" Weight="1" />
      <Item MaxLevel="16" MinLevel="13" Name="1H_Hammer_Tier4" Weight="1" />
      <Item MaxLevel="20" MinLevel="17" Name="1H_Hammer_Tier5" Weight="1" />
      <Item MaxLevel="24" MinLevel="21" Name="1H_Hammer_Tier6" Weight="1" />
      <Item MaxLevel="28" MinLevel="25" Name="1H_Hammer_Tier7" Weight="1" />
      <Item MaxLevel="32" MinLevel="29" Name="1H_Hammer_Tier8" Weight="1" />
      <Item MaxLevel="36" MinLevel="33" Name="1H_Hammer_Tier9" Weight="1" />
      <Item MaxLevel="40" MinLevel="37" Name="1H_Hammer_Tier10" Weight="1" />
      <Item MaxLevel="45" MinLevel="41" Name="1H_Hammer_Tier11" Weight="1" />
      <Item MaxLevel="51" MinLevel="46" Name="1H_Hammer_Tier12" Weight="1" />
      <Item MaxLevel="57" MinLevel="52" Name="1H_Hammer_Tier13" Weight="1" />
      <Item MaxLevel="63" MinLevel="58" Name="1H_Hammer_Tier14" Weight="1" />
      <Item MaxLevel="69" MinLevel="64" Name="1H_Hammer_Tier15" Weight="1" />
      <Item MaxLevel="300" MinLevel="70" Name="1H_Hammer_Tier16" Weight="1" />
    </Loot>
  </LootClass>
  <LootClass Name="LC_1H_Dagger">
    <Pick Value="1" />
    <Level Value="1" />
    <Rarity>
      <RarityAtLevel Level="1" Normal="10" Magic="1" Rare="0" />
      <RarityAtLevel Level="12" Normal="10" Magic="10" Rare="1" />
      <RarityAtLevel Level="20" Normal="99" Magic="600" Rare="300" Legendary="1" />
      <RarityAtLevel Level="32" Normal="0" Magic="0" Rare="450" Legendary="10" />
      <RarityAtLevel Level="45" Normal="0" Magic="0" Rare="700" Legendary="15" />
      <RarityAtLevel Level="60" Normal="0" Magic="0" Rare="499" Legendary="30" />
      <RarityAtLevel Level="90" Normal="0" Magic="0" Rare="490" Legendary="35" />
    </Rarity>
    <NoDrop Value="0" />
    <Loot>
      <Item MaxLevel="4" MinLevel="1" Name="1H_Dagger_Tier1" Weight="1" />
      <Item MaxLevel="8" MinLevel="5" Name="1H_Dagger_Tier2" Weight="1" />
      <Item MaxLevel="12" MinLevel="9" Name="1H_Dagger_Tier3" Weight="1" />
      <Item MaxLevel="16" MinLevel="13" Name="1H_Dagger_Tier4" Weight="1" />
      <Item MaxLevel="20" MinLevel="17" Name="1H_Dagger_Tier5" Weight="1" />
      <Item MaxLevel="24" MinLevel="21" Name="1H_Dagger_Tier6" Weight="1" />
      <Item MaxLevel="28" MinLevel="25" Name="1H_Dagger_Tier7" Weight="1" />
      <Item MaxLevel="32" MinLevel="29" Name="1H_Dagger_Tier8" Weight="1" />
      <Item MaxLevel="36" MinLevel="33" Name="1H_Dagger_Tier9" Weight="1" />
      <Item MaxLevel="40" MinLevel="37" Name="1H_Dagger_Tier10" Weight="1" />
      <Item MaxLevel="45" MinLevel="41" Name="1H_Dagger_Tier11" Weight="1" />
      <Item MaxLevel="51" MinLevel="46" Name="1H_Dagger_Tier12" Weight="1" />
      <Item MaxLevel="57" MinLevel="52" Name="1H_Dagger_Tier13" Weight="1" />
      <Item MaxLevel="63" MinLevel="58" Name="1H_Dagger_Tier14" Weight="1" />
      <Item MaxLevel="69" MinLevel="64" Name="1H_Dagger_Tier15" Weight="1" />
      <Item MaxLevel="300" MinLevel="70" Name="1H_Dagger_Tier16" Weight="1" />
    </Loot>
  </LootClass>
  <LootClass Name="LC_1H_Pistol">
    <Pick Value="1" />
    <Level Value="1" />
    <Rarity>
      <RarityAtLevel Level="1" Normal="10" Magic="1" Rare="0" />
      <RarityAtLevel Level="12" Normal="10" Magic="10" Rare="1" />
      <RarityAtLevel Level="20" Normal="99" Magic="600" Rare="300" Legendary="1" />
      <RarityAtLevel Level="32" Normal="0" Magic="0" Rare="450" Legendary="10" />
      <RarityAtLevel Level="45" Normal="0" Magic="0" Rare="700" Legendary="15" />
      <RarityAtLevel Level="60" Normal="0" Magic="0" Rare="499" Legendary="30" />
      <RarityAtLevel Level="90" Normal="0" Magic="0" Rare="490" Legendary="35" />
    </Rarity>
    <NoDrop Value="0" />
    <Loot>
      <Item MaxLevel="4" MinLevel="1" Name="1H_pistol_Tier1" Weight="1" />
      <Item MaxLevel="8" MinLevel="5" Name="1H_pistol_Tier2" Weight="1" />
      <Item MaxLevel="12" MinLevel="9" Name="1H_pistol_Tier3" Weight="1" />
      <Item MaxLevel="16" MinLevel="13" Name="1H_pistol_Tier4" Weight="1" />
      <Item MaxLevel="20" MinLevel="17" Name="1H_pistol_Tier5" Weight="1" />
      <Item MaxLevel="24" MinLevel="21" Name="1H_pistol_Tier6" Weight="1" />
      <Item MaxLevel="28" MinLevel="25" Name="1H_pistol_Tier7" Weight="1" />
      <Item MaxLevel="32" MinLevel="29" Name="1H_pistol_Tier8" Weight="1" />
      <Item MaxLevel="36" MinLevel="33" Name="1H_pistol_Tier9" Weight="1" />
      <Item MaxLevel="40" MinLevel="37" Name="1H_pistol_Tier10" Weight="1" />
      <Item MaxLevel="45" MinLevel="41" Name="1H_pistol_Tier11" Weight="1" />
      <Item MaxLevel="51" MinLevel="46" Name="1H_pistol_Tier12" Weight="1" />
      <Item MaxLevel="57" MinLevel="52" Name="1H_pistol_Tier13" Weight="1" />
      <Item MaxLevel="63" MinLevel="58" Name="1H_pistol_Tier14" Weight="1" />
      <Item MaxLevel="69" MinLevel="64" Name="1H_pistol_Tier15" Weight="1" />
      <Item MaxLevel="300" MinLevel="70" Name="1H_pistol_Tier16" Weight="1" />
    </Loot>
  </LootClass>
  <LootClass Name="LC_2H_Sword">
    <Pick Value="1" />
    <Level Value="1" />
    <Rarity>
      <RarityAtLevel Level="1" Normal="10" Magic="1" Rare="0" />
      <RarityAtLevel Level="12" Normal="10" Magic="10" Rare="1" />
      <RarityAtLevel Level="20" Normal="99" Magic="600" Rare="300" Legendary="1" />
      <RarityAtLevel Level="32" Normal="0" Magic="0" Rare="450" Legendary="10" />
      <RarityAtLevel Level="45" Normal="0" Magic="0" Rare="700" Legendary="15" />
      <RarityAtLevel Level="60" Normal="0" Magic="0" Rare="499" Legendary="30" />
      <RarityAtLevel Level="90" Normal="0" Magic="0" Rare="490" Legendary="35" />
    </Rarity>
    <NoDrop Value="0" />
    <Loot>
      <Item MaxLevel="4" MinLevel="1" Name="2H_Sword_Tier1" Weight="1" />
      <Item MaxLevel="8" MinLevel="5" Name="2H_Sword_Tier2" Weight="1" />
      <Item MaxLevel="12" MinLevel="9" Name="2H_Sword_Tier3" Weight="1" />
      <Item MaxLevel="16" MinLevel="13" Name="2H_Sword_Tier4" Weight="1" />
      <Item MaxLevel="20" MinLevel="17" Name="2H_Sword_Tier5" Weight="1" />
      <Item MaxLevel="24" MinLevel="21" Name="2H_Sword_Tier6" Weight="1" />
      <Item MaxLevel="28" MinLevel="25" Name="2H_Sword_Tier7" Weight="1" />
      <Item MaxLevel="32" MinLevel="29" Name="2H_Sword_Tier8" Weight="1" />
      <Item MaxLevel="36" MinLevel="33" Name="2H_Sword_Tier9" Weight="1" />
      <Item MaxLevel="40" MinLevel="37" Name="2H_Sword_Tier10" Weight="1" />
      <Item MaxLevel="45" MinLevel="41" Name="2H_Sword_Tier11" Weight="1" />
      <Item MaxLevel="51" MinLevel="46" Name="2H_Sword_Tier12" Weight="1" />
      <Item MaxLevel="57" MinLevel="52" Name="2H_Sword_Tier13" Weight="1" />
      <Item MaxLevel="63" MinLevel="58" Name="2H_Sword_Tier14" Weight="1" />
      <Item MaxLevel="69" MinLevel="64" Name="2H_Sword_Tier15" Weight="1" />
      <Item MaxLevel="300" MinLevel="70" Name="2H_Sword_Tier16" Weight="1" />
    </Loot>
  </LootClass>
  <LootClass Name="LC_2H_Axe">
    <Pick Value="1" />
    <Level Value="1" />
    <Rarity>
      <RarityAtLevel Level="1" Normal="10" Magic="1" Rare="0" />
      <RarityAtLevel Level="12" Normal="10" Magic="10" Rare="1" />
      <RarityAtLevel Level="20" Normal="99" Magic="600" Rare="300" Legendary="1" />
      <RarityAtLevel Level="32" Normal="0" Magic="0" Rare="450" Legendary="10" />
      <RarityAtLevel Level="45" Normal="0" Magic="0" Rare="700" Legendary="15" />
      <RarityAtLevel Level="60" Normal="0" Magic="0" Rare="499" Legendary="30" />
      <RarityAtLevel Level="90" Normal="0" Magic="0" Rare="490" Legendary="35" />
    </Rarity>
    <NoDrop Value="0" />
    <Loot>
      <Item MaxLevel="4" MinLevel="1" Name="2H_Axe_Tier1" Weight="1" />
      <Item MaxLevel="8" MinLevel="5" Name="2H_Axe_Tier2" Weight="1" />
      <Item MaxLevel="12" MinLevel="9" Name="2H_Axe_Tier3" Weight="1" />
      <Item MaxLevel="16" MinLevel="13" Name="2H_Axe_Tier4" Weight="1" />
      <Item MaxLevel="20" MinLevel="17" Name="2H_Axe_Tier5" Weight="1" />
      <Item MaxLevel="24" MinLevel="21" Name="2H_Axe_Tier6" Weight="1" />
      <Item MaxLevel="28" MinLevel="25" Name="2H_Axe_Tier7" Weight="1" />
      <Item MaxLevel="32" MinLevel="29" Name="2H_Axe_Tier8" Weight="1" />
      <Item MaxLevel="36" MinLevel="33" Name="2H_Axe_Tier9" Weight="1" />
      <Item MaxLevel="40" MinLevel="37" Name="2H_Axe_Tier10" Weight="1" />
      <Item MaxLevel="45" MinLevel="41" Name="2H_Axe_Tier11" Weight="1" />
      <Item MaxLevel="51" MinLevel="46" Name="2H_Axe_Tier12" Weight="1" />
      <Item MaxLevel="57" MinLevel="52" Name="2H_Axe_Tier13" Weight="1" />
      <Item MaxLevel="63" MinLevel="58" Name="2H_Axe_Tier14" Weight="1" />
      <Item MaxLevel="69" MinLevel="64" Name="2H_Axe_Tier15" Weight="1" />
      <Item MaxLevel="300" MinLevel="70" Name="2H_Axe_Tier16" Weight="1" />
    </Loot>
  </LootClass>
  <LootClass Name="LC_2H_Hammer">
    <Pick Value="1" />
    <Level Value="1" />
    <Rarity>
      <RarityAtLevel Level="1" Normal="10" Magic="1" Rare="0" />
      <RarityAtLevel Level="12" Normal="10" Magic="10" Rare="1" />
      <RarityAtLevel Level="20" Normal="99" Magic="600" Rare="300" Legendary="1" />
      <RarityAtLevel Level="32" Normal="0" Magic="0" Rare="450" Legendary="10" />
      <RarityAtLevel Level="45" Normal="0" Magic="0" Rare="700" Legendary="15" />
      <RarityAtLevel Level="60" Normal="0" Magic="0" Rare="499" Legendary="30" />
      <RarityAtLevel Level="90" Normal="0" Magic="0" Rare="490" Legendary="35" />
    </Rarity>
    <NoDrop Value="0" />
    <Loot>
      <Item MaxLevel="4" MinLevel="1" Name="2H_Hammer_Tier1" Weight="1" />
      <Item MaxLevel="8" MinLevel="5" Name="2H_Hammer_Tier2" Weight="1" />
      <Item MaxLevel="12" MinLevel="9" Name="2H_Hammer_Tier3" Weight="1" />
      <Item MaxLevel="16" MinLevel="13" Name="2H_Hammer_Tier4" Weight="1" />
      <Item MaxLevel="20" MinLevel="17" Name="2H_Hammer_Tier5" Weight="1" />
      <Item MaxLevel="24" MinLevel="21" Name="2H_Hammer_Tier6" Weight="1" />
      <Item MaxLevel="28" MinLevel="25" Name="2H_Hammer_Tier7" Weight="1" />
      <Item MaxLevel="32" MinLevel="29" Name="2H_Hammer_Tier8" Weight="1" />
      <Item MaxLevel="36" MinLevel="33" Name="2H_Hammer_Tier9" Weight="1" />
      <Item MaxLevel="40" MinLevel="37" Name="2H_Hammer_Tier10" Weight="1" />
      <Item MaxLevel="45" MinLevel="41" Name="2H_Hammer_Tier11" Weight="1" />
      <Item MaxLevel="51" MinLevel="46" Name="2H_Hammer_Tier12" Weight="1" />
      <Item MaxLevel="57" MinLevel="52" Name="2H_Hammer_Tier13" Weight="1" />
      <Item MaxLevel="63" MinLevel="58" Name="2H_Hammer_Tier14" Weight="1" />
      <Item MaxLevel="69" MinLevel="64" Name="2H_Hammer_Tier15" Weight="1" />
      <Item MaxLevel="300" MinLevel="70" Name="2H_Hammer_Tier16" Weight="1" />
    </Loot>
  </LootClass>
  <LootClass Name="LC_2H_Bow">
    <Pick Value="1" />
    <Level Value="1" />
    <Rarity>
      <RarityAtLevel Level="1" Normal="10" Magic="1" Rare="0" />
      <RarityAtLevel Level="12" Normal="10" Magic="10" Rare="1" />
      <RarityAtLevel Level="20" Normal="99" Magic="600" Rare="300" Legendary="1" />
      <RarityAtLevel Level="32" Normal="0" Magic="0" Rare="450" Legendary="10" />
      <RarityAtLevel Level="45" Normal="0" Magic="0" Rare="700" Legendary="15" />
      <RarityAtLevel Level="60" Normal="0" Magic="0" Rare="499" Legendary="30" />
      <RarityAtLevel Level="90" Normal="0" Magic="0" Rare="490" Legendary="35" />
    </Rarity>
    <NoDrop Value="0" />
    <Loot>
      <Item MaxLevel="4" MinLevel="1" Name="2H_Bow_Tier1" Weight="1" />
      <Item MaxLevel="8" MinLevel="5" Name="2H_Bow_Tier2" Weight="1" />
      <Item MaxLevel="12" MinLevel="9" Name="2H_Bow_Tier3" Weight="1" />
      <Item MaxLevel="16" MinLevel="13" Name="2H_Bow_Tier4" Weight="1" />
      <Item MaxLevel="20" MinLevel="17" Name="2H_Bow_Tier5" Weight="1" />
      <Item MaxLevel="24" MinLevel="21" Name="2H_Bow_Tier6" Weight="1" />
      <Item MaxLevel="28" MinLevel="25" Name="2H_Bow_Tier7" Weight="1" />
      <Item MaxLevel="32" MinLevel="29" Name="2H_Bow_Tier8" Weight="1" />
      <Item MaxLevel="36" MinLevel="33" Name="2H_Bow_Tier9" Weight="1" />
      <Item MaxLevel="40" MinLevel="37" Name="2H_Bow_Tier10" Weight="1" />
      <Item MaxLevel="45" MinLevel="41" Name="2H_Bow_Tier11" Weight="1" />
      <Item MaxLevel="51" MinLevel="46" Name="2H_Bow_Tier12" Weight="1" />
      <Item MaxLevel="57" MinLevel="52" Name="2H_Bow_Tier13" Weight="1" />
      <Item MaxLevel="63" MinLevel="58" Name="2H_Bow_Tier14" Weight="1" />
      <Item MaxLevel="69" MinLevel="64" Name="2H_Bow_Tier15" Weight="1" />
      <Item MaxLevel="300" MinLevel="70" Name="2H_Bow_Tier16" Weight="1" />
    </Loot>
  </LootClass>
  <LootClass Name="LC_2H_Staff">
    <Pick Value="1" />
    <Level Value="1" />
    <Rarity>
      <RarityAtLevel Level="1" Normal="10" Magic="1" Rare="0" />
      <RarityAtLevel Level="12" Normal="10" Magic="10" Rare="1" />
      <RarityAtLevel Level="20" Normal="99" Magic="600" Rare="300" Legendary="1" />
      <RarityAtLevel Level="32" Normal="0" Magic="0" Rare="450" Legendary="10" />
      <RarityAtLevel Level="45" Normal="0" Magic="0" Rare="700" Legendary="15" />
      <RarityAtLevel Level="60" Normal="0" Magic="0" Rare="499" Legendary="30" />
      <RarityAtLevel Level="90" Normal="0" Magic="0" Rare="490" Legendary="35" />
    </Rarity>
    <NoDrop Value="0" />
    <Loot>
      <Item MaxLevel="4" MinLevel="1" Name="2H_Staff_Tier1" Weight="1" />
      <Item MaxLevel="8" MinLevel="5" Name="2H_Staff_Tier2" Weight="1" />
      <Item MaxLevel="12" MinLevel="9" Name="2H_Staff_Tier3" Weight="1" />
      <Item MaxLevel="16" MinLevel="13" Name="2H_Staff_Tier4" Weight="1" />
      <Item MaxLevel="20" MinLevel="17" Name="2H_Staff_Tier5" Weight="1" />
      <Item MaxLevel="24" MinLevel="21" Name="2H_Staff_Tier6" Weight="1" />
      <Item MaxLevel="28" MinLevel="25" Name="2H_Staff_Tier7" Weight="1" />
      <Item MaxLevel="32" MinLevel="29" Name="2H_Staff_Tier8" Weight="1" />
      <Item MaxLevel="36" MinLevel="33" Name="2H_Staff_Tier9" Weight="1" />
      <Item MaxLevel="40" MinLevel="37" Name="2H_Staff_Tier10" Weight="1" />
      <Item MaxLevel="45" MinLevel="41" Name="2H_Staff_Tier11" Weight="1" />
      <Item MaxLevel="51" MinLevel="46" Name="2H_Staff_Tier12" Weight="1" />
      <Item MaxLevel="57" MinLevel="52" Name="2H_Staff_Tier13" Weight="1" />
      <Item MaxLevel="63" MinLevel="58" Name="2H_Staff_Tier14" Weight="1" />
      <Item MaxLevel="69" MinLevel="64" Name="2H_Staff_Tier15" Weight="1" />
      <Item MaxLevel="300" MinLevel="70" Name="2H_Staff_Tier16" Weight="1" />
    </Loot>
  </LootClass>
  <LootClass Name="LC_1H_Shield">
    <Pick Value="1" />
    <Level Value="1" />
    <Rarity>
      <RarityAtLevel Level="1" Normal="10" Magic="1" Rare="0" />
      <RarityAtLevel Level="12" Normal="10" Magic="10" Rare="1" />
      <RarityAtLevel Level="20" Normal="99" Magic="600" Rare="300" Legendary="1" />
      <RarityAtLevel Level="32" Normal="0" Magic="0" Rare="450" Legendary="10" />
      <RarityAtLevel Level="45" Normal="0" Magic="0" Rare="700" Legendary="15" />
      <RarityAtLevel Level="60" Normal="0" Magic="0" Rare="499" Legendary="30" />
      <RarityAtLevel Level="90" Normal="0" Magic="0" Rare="490" Legendary="35" />
    </Rarity>
    <NoDrop Value="0" />
    <Loot>
      <Item MaxLevel="4" MinLevel="1" Name="1h_Shield_Tier1" Weight="1" />
      <Item MaxLevel="8" MinLevel="5" Name="1h_Shield_Tier2" Weight="1" />
      <Item MaxLevel="12" MinLevel="9" Name="1h_Shield_Tier3" Weight="1" />
      <Item MaxLevel="16" MinLevel="13" Name="1h_Shield_Tier4" Weight="1" />
      <Item MaxLevel="20" MinLevel="17" Name="1h_Shield_Tier5" Weight="1" />
      <Item MaxLevel="24" MinLevel="21" Name="1h_Shield_Tier6" Weight="1" />
      <Item MaxLevel="28" MinLevel="25" Name="1h_Shield_Tier7" Weight="1" />
      <Item MaxLevel="32" MinLevel="29" Name="1h_Shield_Tier8" Weight="1" />
      <Item MaxLevel="36" MinLevel="33" Name="1h_Shield_Tier9" Weight="1" />
      <Item MaxLevel="40" MinLevel="37" Name="1h_Shield_Tier10" Weight="1" />
      <Item MaxLevel="45" MinLevel="41" Name="1h_Shield_Tier11" Weight="1" />
      <Item MaxLevel="51" MinLevel="46" Name="1h_Shield_Tier12" Weight="1" />
      <Item MaxLevel="57" MinLevel="52" Name="1h_Shield_Tier13" Weight="1" />
      <Item MaxLevel="63" MinLevel="58" Name="1h_Shield_Tier14" Weight="1" />
      <Item MaxLevel="69" MinLevel="64" Name="1h_Shield_Tier15" Weight="1" />
      <Item MaxLevel="300" MinLevel="70" Name="1h_Shield_Tier16" Weight="1" />
    </Loot>
  </LootClass>
  <LootClass Name="LC_1H_OffHand">
    <Pick Value="1" />
    <Level Value="1" />
    <Rarity>
      <RarityAtLevel Level="1" Normal="10" Magic="1" Rare="0" />
      <RarityAtLevel Level="12" Normal="10" Magic="10" Rare="1" />
      <RarityAtLevel Level="20" Normal="99" Magic="600" Rare="300" Legendary="1" />
      <RarityAtLevel Level="32" Normal="0" Magic="0" Rare="450" Legendary="10" />
      <RarityAtLevel Level="45" Normal="0" Magic="0" Rare="700" Legendary="15" />
      <RarityAtLevel Level="60" Normal="0" Magic="0" Rare="499" Legendary="30" />
      <RarityAtLevel Level="90" Normal="0" Magic="0" Rare="490" Legendary="35" />
    </Rarity>
    <NoDrop Value="0" />
    <Loot>
      <Item MaxLevel="4" MinLevel="1" Name="1H_OffHand_Tier1" Weight="1" />
      <Item MaxLevel="8" MinLevel="5" Name="1H_OffHand_Tier2" Weight="1" />
      <Item MaxLevel="12" MinLevel="9" Name="1H_OffHand_Tier3" Weight="1" />
      <Item MaxLevel="16" MinLevel="13" Name="1H_OffHand_Tier4" Weight="1" />
      <Item MaxLevel="20" MinLevel="17" Name="1H_OffHand_Tier5" Weight="1" />
      <Item MaxLevel="24" MinLevel="21" Name="1H_OffHand_Tier6" Weight="1" />
      <Item MaxLevel="28" MinLevel="25" Name="1H_OffHand_Tier7" Weight="1" />
      <Item MaxLevel="32" MinLevel="29" Name="1H_OffHand_Tier8" Weight="1" />
      <Item MaxLevel="36" MinLevel="33" Name="1H_OffHand_Tier9" Weight="1" />
      <Item MaxLevel="40" MinLevel="37" Name="1H_OffHand_Tier10" Weight="1" />
      <Item MaxLevel="45" MinLevel="41" Name="1H_OffHand_Tier11" Weight="1" />
      <Item MaxLevel="51" MinLevel="46" Name="1H_OffHand_Tier12" Weight="1" />
      <Item MaxLevel="57" MinLevel="52" Name="1H_OffHand_Tier13" Weight="1" />
      <Item MaxLevel="63" MinLevel="58" Name="1H_OffHand_Tier14" Weight="1" />
      <Item MaxLevel="69" MinLevel="64" Name="1H_OffHand_Tier15" Weight="1" />
      <Item MaxLevel="300" MinLevel="70" Name="1H_OffHand_Tier16" Weight="1" />
    </Loot>
  </LootClass>
</MetaData>