<MetaData>
  <Affix AffixId="new_fast_w_local_damage_flat_fire_12" Class="local_damage_flat_fire" AffixType="prefix" Tier="1">
    <DropParams Frequency="1">
      <ItemLevel LevelMin="50" LevelMax="300" />
      <Keywords OptionalKeywords="axe,sword,gun,dagger,bow" MandatoryKeywords="weapon,fast" />
      <ItemRarity Magic="0" Rare="0" Set="1" Legendary="1" />
    </DropParams>
    <MagicEffect EffectId="local_damage_flat_fire">
      <LoRoll DamagesFlatInt_Min="97" DamagesFlatInt_Max="135" />
      <HiRoll DamagesFlatInt_Min="98" DamagesFlatInt_Max="136" />
    </MagicEffect>
  </Affix>
  <Affix AffixId="new_fast_w_local_damage_flat_frost_12" Class="local_damage_flat_frost" AffixType="prefix" Tier="1">
    <DropParams Frequency="1">
      <ItemLevel LevelMin="50" LevelMax="300" />
      <Keywords OptionalKeywords="axe,sword,gun,dagger,bow" MandatoryKeywords="weapon,fast" />
      <ItemRarity Magic="0" Rare="0" Set="1" Legendary="1" />
    </DropParams>
    <MagicEffect EffectId="local_damage_flat_frost">
      <LoRoll DamagesFlatInt_Min="97" DamagesFlatInt_Max="135" />
      <HiRoll DamagesFlatInt_Min="98" DamagesFlatInt_Max="136" />
    </MagicEffect>
  </Affix>
  <Affix AffixId="new_fast_w_local_damage_flat_lightning_12" Class="local_damage_flat_lightning" AffixType="prefix" Tier="1">
    <DropParams Frequency="1">
      <ItemLevel LevelMin="50" LevelMax="300" />
      <Keywords OptionalKeywords="axe,sword,gun,dagger,bow" MandatoryKeywords="weapon,fast" />
      <ItemRarity Magic="0" Rare="0" Set="1" Legendary="1" />
    </DropParams>
    <MagicEffect EffectId="local_damage_flat_lightning">
      <LoRoll DamagesFlatInt_Min="97" DamagesFlatInt_Max="135" />
      <HiRoll DamagesFlatInt_Min="98" DamagesFlatInt_Max="136" />
    </MagicEffect>
  </Affix>
  <Affix AffixId="new_slow_w_local_damage_flat_fire_12" Class="local_damage_flat_fire" AffixType="prefix" Tier="1">
    <DropParams Frequency="1">
      <ItemLevel LevelMin="50" LevelMax="300" />
      <Keywords OptionalKeywords="axe,sword,gun,dagger,bow" MandatoryKeywords="weapon,slow" />
      <ItemRarity Magic="0" Rare="0" Set="1" Legendary="1" />
    </DropParams>
    <MagicEffect EffectId="local_damage_flat_fire">
      <LoRoll DamagesFlatInt_Min="155" DamagesFlatInt_Max="232" />
      <HiRoll DamagesFlatInt_Min="156" DamagesFlatInt_Max="233" />
    </MagicEffect>
  </Affix>
  <Affix AffixId="new_slow_w_local_damage_flat_frost_12" Class="local_damage_flat_frost" AffixType="prefix" Tier="1">
    <DropParams Frequency="1">
      <ItemLevel LevelMin="50" LevelMax="300" />
      <Keywords OptionalKeywords="axe,sword,gun,dagger,bow" MandatoryKeywords="weapon,slow" />
      <ItemRarity Magic="0" Rare="0" Set="1" Legendary="1" />
    </DropParams>
    <MagicEffect EffectId="local_damage_flat_frost">
      <LoRoll DamagesFlatInt_Min="155" DamagesFlatInt_Max="232" />
      <HiRoll DamagesFlatInt_Min="156" DamagesFlatInt_Max="233" />
    </MagicEffect>
  </Affix>
  <Affix AffixId="new_slow_w_local_damage_flat_lightning_12" Class="local_damage_flat_lightning" AffixType="prefix" Tier="1">
    <DropParams Frequency="1">
      <ItemLevel LevelMin="50" LevelMax="300" />
      <Keywords OptionalKeywords="axe,sword,gun,dagger,bow" MandatoryKeywords="weapon,slow" />
      <ItemRarity Magic="0" Rare="0" Set="1" Legendary="1" />
    </DropParams>
    <MagicEffect EffectId="local_damage_flat_lightning">
      <LoRoll DamagesFlatInt_Min="155" DamagesFlatInt_Max="232" />
      <HiRoll DamagesFlatInt_Min="156" DamagesFlatInt_Max="233" />
    </MagicEffect>
  </Affix>
  <Affix AffixId="new_fast_w_local_damage_flat_sacred_12" Class="local_damage_flat_sacred" AffixType="prefix" Tier="1">
    <DropParams Frequency="1">
      <ItemLevel LevelMin="50" LevelMax="300" />
      <Keywords OptionalKeywords="mace,sword,gun" MandatoryKeywords="weapon,fast" />
      <ItemRarity Magic="0" Rare="0" Set="1" Legendary="1" />
    </DropParams>
    <MagicEffect EffectId="local_damage_flat_sacred">
      <LoRoll DamagesFlatInt_Min="97" DamagesFlatInt_Max="135" />
      <HiRoll DamagesFlatInt_Min="98" DamagesFlatInt_Max="136" />
    </MagicEffect>
  </Affix>
  <Affix AffixId="new_fast_w_local_damage_flat_umbra_12" Class="local_damage_flat_umbra" AffixType="prefix" Tier="1">
    <DropParams Frequency="1">
      <ItemLevel LevelMin="50" LevelMax="300" />
      <Keywords OptionalKeywords="mace,sword,gun" MandatoryKeywords="weapon,fast" />
      <ItemRarity Magic="0" Rare="0" Set="1" Legendary="1" />
    </DropParams>
    <MagicEffect EffectId="local_damage_flat_umbra">
      <LoRoll DamagesFlatInt_Min="97" DamagesFlatInt_Max="135" />
      <HiRoll DamagesFlatInt_Min="98" DamagesFlatInt_Max="136" />
    </MagicEffect>
  </Affix>
  <Affix AffixId="new_fast_w_local_damage_flat_shadow_12" Class="local_damage_flat_shadow" AffixType="prefix" Tier="1">
    <DropParams Frequency="1">
      <ItemLevel LevelMin="50" LevelMax="300" />
      <Keywords OptionalKeywords="mace,sword,gun" MandatoryKeywords="weapon,fast" />
      <ItemRarity Magic="0" Rare="0" Set="1" Legendary="1" />
    </DropParams>
    <MagicEffect EffectId="local_damage_flat_shadow">
      <LoRoll DamagesFlatInt_Min="97" DamagesFlatInt_Max="135" />
      <HiRoll DamagesFlatInt_Min="98" DamagesFlatInt_Max="136" />
    </MagicEffect>
  </Affix>
  <Affix AffixId="new_slow_w_local_damage_flat_sacred_12" Class="local_damage_flat_sacred" AffixType="prefix" Tier="1">
    <DropParams Frequency="1">
      <ItemLevel LevelMin="50" LevelMax="300" />
      <Keywords OptionalKeywords="mace,sword,gun" MandatoryKeywords="weapon,slow" />
      <ItemRarity Magic="0" Rare="0" Set="1" Legendary="1" />
    </DropParams>
    <MagicEffect EffectId="local_damage_flat_sacred">
      <LoRoll DamagesFlatInt_Min="155" DamagesFlatInt_Max="232" />
      <HiRoll DamagesFlatInt_Min="156" DamagesFlatInt_Max="233" />
    </MagicEffect>
  </Affix>
  <Affix AffixId="new_slow_w_local_damage_flat_umbra_12" Class="local_damage_flat_umbra" AffixType="prefix" Tier="1">
    <DropParams Frequency="1">
      <ItemLevel LevelMin="50" LevelMax="300" />
      <Keywords OptionalKeywords="mace,sword,gun" MandatoryKeywords="weapon,slow" />
      <ItemRarity Magic="0" Rare="0" Set="1" Legendary="1" />
    </DropParams>
    <MagicEffect EffectId="local_damage_flat_umbra">
      <LoRoll DamagesFlatInt_Min="155" DamagesFlatInt_Max="232" />
      <HiRoll DamagesFlatInt_Min="156" DamagesFlatInt_Max="233" />
    </MagicEffect>
  </Affix>
  <Affix AffixId="new_slow_w_local_damage_flat_shadoslow_w_12" Class="local_damage_flat_shadow" AffixType="prefix" Tier="1">
    <DropParams Frequency="1">
      <ItemLevel LevelMin="50" LevelMax="300" />
      <Keywords OptionalKeywords="mace,sword,gun" MandatoryKeywords="weapon,slow" />
      <ItemRarity Magic="0" Rare="0" Set="1" Legendary="1" />
    </DropParams>
    <MagicEffect EffectId="local_damage_flat_shadow">
      <LoRoll DamagesFlatInt_Min="155" DamagesFlatInt_Max="232" />
      <HiRoll DamagesFlatInt_Min="156" DamagesFlatInt_Max="233" />
    </MagicEffect>
  </Affix>
  <Affix AffixId="new_fast_w_local_damage_flat_physical_12" Class="local_damage_flat_physical" AffixType="prefix" Tier="1">
    <DropParams Frequency="1">
      <ItemLevel LevelMin="50" LevelMax="300" />
      <Keywords OptionalKeywords="physical_weapon" MandatoryKeywords="weapon,fast" />
      <ItemRarity Magic="0" Rare="0" Set="1" Legendary="1" />
    </DropParams>
    <MagicEffect EffectId="local_damage_flat_physical">
      <LoRoll DamagesFlatInt_Min="97" DamagesFlatInt_Max="135" />
      <HiRoll DamagesFlatInt_Min="98" DamagesFlatInt_Max="136" />
    </MagicEffect>
  </Affix>
  <Affix AffixId="new_fast_w_local_damage_flat_toxic_12" Class="local_damage_flat_toxic" AffixType="prefix" Tier="1">
    <DropParams Frequency="1">
      <ItemLevel LevelMin="50" LevelMax="300" />
      <Keywords OptionalKeywords="physical_weapon" MandatoryKeywords="weapon,fast" />
      <ItemRarity Magic="0" Rare="0" Set="1" Legendary="1" />
    </DropParams>
    <MagicEffect EffectId="local_damage_flat_toxic">
      <LoRoll DamagesFlatInt_Min="97" DamagesFlatInt_Max="135" />
      <HiRoll DamagesFlatInt_Min="98" DamagesFlatInt_Max="136" />
    </MagicEffect>
  </Affix>
  <Affix AffixId="new_fast_w_local_damage_flat_rend_12" Class="local_damage_flat_rend" AffixType="prefix" Tier="1">
    <DropParams Frequency="1">
      <ItemLevel LevelMin="50" LevelMax="300" />
      <Keywords OptionalKeywords="physical_weapon" MandatoryKeywords="weapon,fast" />
      <ItemRarity Magic="0" Rare="0" Set="1" Legendary="1" />
    </DropParams>
    <MagicEffect EffectId="local_damage_flat_rend">
      <LoRoll DamagesFlatInt_Min="97" DamagesFlatInt_Max="135" />
      <HiRoll DamagesFlatInt_Min="98" DamagesFlatInt_Max="136" />
    </MagicEffect>
  </Affix>
  <Affix AffixId="new_slow_w_local_damage_flat_physical_12" Class="local_damage_flat_physical" AffixType="prefix" Tier="1">
    <DropParams Frequency="1">
      <ItemLevel LevelMin="50" LevelMax="300" />
      <Keywords OptionalKeywords="physical_weapon" MandatoryKeywords="weapon,slow" />
      <ItemRarity Magic="0" Rare="0" Set="1" Legendary="1" />
    </DropParams>
    <MagicEffect EffectId="local_damage_flat_physical">
      <LoRoll DamagesFlatInt_Min="155" DamagesFlatInt_Max="232" />
      <HiRoll DamagesFlatInt_Min="156" DamagesFlatInt_Max="233" />
    </MagicEffect>
  </Affix>
  <Affix AffixId="new_slow_w_local_damage_flat_toxic_12" Class="local_damage_flat_toxic" AffixType="prefix" Tier="1">
    <DropParams Frequency="1">
      <ItemLevel LevelMin="50" LevelMax="300" />
      <Keywords OptionalKeywords="physical_weapon" MandatoryKeywords="weapon,slow" />
      <ItemRarity Magic="0" Rare="0" Set="1" Legendary="1" />
    </DropParams>
    <MagicEffect EffectId="local_damage_flat_toxic">
      <LoRoll DamagesFlatInt_Min="155" DamagesFlatInt_Max="232" />
      <HiRoll DamagesFlatInt_Min="156" DamagesFlatInt_Max="233" />
    </MagicEffect>
  </Affix>
  <Affix AffixId="new_slow_w_local_damage_flat_rend_12" Class="local_damage_flat_rend" AffixType="prefix" Tier="1">
    <DropParams Frequency="1">
      <ItemLevel LevelMin="50" LevelMax="300" />
      <Keywords OptionalKeywords="physical_weapon" MandatoryKeywords="weapon,slow" />
      <ItemRarity Magic="0" Rare="0" Set="1" Legendary="1" />
    </DropParams>
    <MagicEffect EffectId="local_damage_flat_rend">
      <LoRoll DamagesFlatInt_Min="155" DamagesFlatInt_Max="232" />
      <HiRoll DamagesFlatInt_Min="156" DamagesFlatInt_Max="233" />
    </MagicEffect>
  </Affix>
  <Affix AffixId="new_w_criticalchance_attackskill_score_12" Class="criticalchance" AffixType="suffix" Tier="1">
    <DropParams Frequency="1">
      <ItemLevel LevelMin="50" LevelMax="300" />
      <Keywords OptionalKeywords="physical_weapon" MandatoryKeywords="weapon" />
      <ItemRarity Magic="0" Rare="0" Set="1" Legendary="1" />
    </DropParams>
    <MagicEffect EffectId="criticalchance_attackskill_score">
      <LoRoll CharacteristicScoreInt="58" />
      <HiRoll CharacteristicScoreInt="60" />
    </MagicEffect>
  </Affix>
  <Affix AffixId="new_w_attackspeed_score_12" Class="attackspeed" AffixType="suffix" Tier="1">
    <DropParams Frequency="1">
      <ItemLevel LevelMin="50" LevelMax="300" />
      <Keywords OptionalKeywords="physical_weapon" MandatoryKeywords="weapon" />
      <ItemRarity Magic="0" Rare="0" Set="1" Legendary="1" />
    </DropParams>
    <MagicEffect EffectId="attackspeed_score">
      <LoRoll CharacteristicScoreInt="58" />
      <HiRoll CharacteristicScoreInt="60" />
    </MagicEffect>
  </Affix>
  <Affix AffixId="new_w_fire_damage_spell_12" Class="fire_damage_spell" AffixType="prefix" Tier="1">
    <DropParams Frequency="1">
      <ItemLevel LevelMin="50" LevelMax="300" />
      <Keywords OptionalKeywords="magic" MandatoryKeywords="weapon" />
      <ItemRarity Magic="0" Rare="0" Set="1" Legendary="1" />
    </DropParams>
    <MagicEffect EffectId="fire_damage_spell">
      <LoRoll DamagesFlatInt_Min="155" DamagesFlatInt_Max="232" />
      <HiRoll DamagesFlatInt_Min="156" DamagesFlatInt_Max="233" />
    </MagicEffect>
  </Affix>
  <Affix AffixId="new_w_frost_damage_spell_12" Class="frost_damage_spell" AffixType="prefix" Tier="1">
    <DropParams Frequency="1">
      <ItemLevel LevelMin="50" LevelMax="300" />
      <Keywords OptionalKeywords="magic" MandatoryKeywords="weapon" />
      <ItemRarity Magic="0" Rare="0" Set="1" Legendary="1" />
    </DropParams>
    <MagicEffect EffectId="frost_damage_spell">
      <LoRoll DamagesFlatInt_Min="155" DamagesFlatInt_Max="232" />
      <HiRoll DamagesFlatInt_Min="156" DamagesFlatInt_Max="233" />
    </MagicEffect>
  </Affix>
  <Affix AffixId="new_w_lightning_damage_spell_12" Class="lightning_damage_spell" AffixType="prefix" Tier="1">
    <DropParams Frequency="1">
      <ItemLevel LevelMin="50" LevelMax="300" />
      <Keywords OptionalKeywords="magic" MandatoryKeywords="weapon" />
      <ItemRarity Magic="0" Rare="0" Set="1" Legendary="1" />
    </DropParams>
    <MagicEffect EffectId="lightning_damage_spell">
      <LoRoll DamagesFlatInt_Min="155" DamagesFlatInt_Max="232" />
      <HiRoll DamagesFlatInt_Min="156" DamagesFlatInt_Max="233" />
    </MagicEffect>
  </Affix>
  <Affix AffixId="new_w_umbra_damage_spell_12" Class="umbra_damage_spell" AffixType="prefix" Tier="1">
    <DropParams Frequency="1">
      <ItemLevel LevelMin="50" LevelMax="300" />
      <Keywords OptionalKeywords="magic" MandatoryKeywords="weapon" />
      <ItemRarity Magic="0" Rare="0" Set="1" Legendary="1" />
    </DropParams>
    <MagicEffect EffectId="umbra_damage_spell">
      <LoRoll DamagesFlatInt_Min="155" DamagesFlatInt_Max="232" />
      <HiRoll DamagesFlatInt_Min="156" DamagesFlatInt_Max="233" />
    </MagicEffect>
  </Affix>
  <Affix AffixId="new_w_sacred_damage_spell_12" Class="sacred_damage_spell" AffixType="prefix" Tier="1">
    <DropParams Frequency="1">
      <ItemLevel LevelMin="50" LevelMax="300" />
      <Keywords OptionalKeywords="magic" MandatoryKeywords="weapon" />
      <ItemRarity Magic="0" Rare="0" Set="1" Legendary="1" />
    </DropParams>
    <MagicEffect EffectId="sacred_damage_spell">
      <LoRoll DamagesFlatInt_Min="155" DamagesFlatInt_Max="232" />
      <HiRoll DamagesFlatInt_Min="156" DamagesFlatInt_Max="233" />
    </MagicEffect>
  </Affix>
  <Affix AffixId="new_w_shadow_damage_spell_12" Class="shadow_damage_spell" AffixType="prefix" Tier="1">
    <DropParams Frequency="1">
      <ItemLevel LevelMin="50" LevelMax="300" />
      <Keywords OptionalKeywords="magic" MandatoryKeywords="weapon" />
      <ItemRarity Magic="0" Rare="0" Set="1" Legendary="1" />
    </DropParams>
    <MagicEffect EffectId="shadow_damage_spell">
      <LoRoll DamagesFlatInt_Min="155" DamagesFlatInt_Max="232" />
      <HiRoll DamagesFlatInt_Min="156" DamagesFlatInt_Max="233" />
    </MagicEffect>
  </Affix>
  <Affix AffixId="new_w_criticalchance_magicspell_score_12" Class="criticalchance" AffixType="suffix" Tier="1">
    <DropParams Frequency="1">
      <ItemLevel LevelMin="50" LevelMax="300" />
      <Keywords OptionalKeywords="magic" MandatoryKeywords="weapon" />
      <ItemRarity Magic="0" Rare="0" Set="1" Legendary="1" />
    </DropParams>
    <MagicEffect EffectId="criticalchance_magicspell_score">
      <LoRoll CharacteristicScoreInt="78" />
      <HiRoll CharacteristicScoreInt="90" />
    </MagicEffect>
  </Affix>
  <Affix AffixId="new_w_spellcastingspeed_score_percent_12" Class="castingspeed" AffixType="suffix" Tier="1">
    <DropParams Frequency="1">
      <ItemLevel LevelMin="50" LevelMax="300" />
      <Keywords OptionalKeywords="magic" MandatoryKeywords="weapon" />
      <ItemRarity Magic="0" Rare="0" Set="1" Legendary="1" />
    </DropParams>
    <MagicEffect EffectId="spellcastingspeed_score_percent">
      <LoRoll CharacteristicScorePercentInt="68" />
      <HiRoll CharacteristicScorePercentInt="80" />
    </MagicEffect>
  </Affix>
  <Affix AffixId="new_w_damage_percent_spell_12" Class="damagepercentspell" AffixType="prefix" Tier="1">
    <DropParams Frequency="1">
      <ItemLevel LevelMin="50" LevelMax="300" />
      <Keywords OptionalKeywords="magic" MandatoryKeywords="weapon" />
      <ItemRarity Magic="0" Rare="0" Set="1" Legendary="1" />
    </DropParams>
    <MagicEffect EffectId="damage_percent_spell">
      <LoRoll DamagePercentInt="90" />
      <HiRoll DamagePercentInt="100" />
    </MagicEffect>
  </Affix>
  <Affix AffixId="new_w_global_critical_strike_damage_12" Class="criticaldamage" AffixType="suffix" Tier="1">
    <DropParams Frequency="1">
      <ItemLevel LevelMin="50" LevelMax="300" />
      <Keywords OptionalKeywords="magic,physical_weapon" MandatoryKeywords="weapon" />
      <ItemRarity Magic="0" Rare="0" Set="1" Legendary="1" />
    </DropParams>
    <MagicEffect EffectId="criticaldamage_pts">
      <LoRoll DamagePercentInt="30" />
      <HiRoll DamagePercentInt="60" />
    </MagicEffect>
  </Affix>
  <Affix AffixId="new_w_can_cast_arrowsrain" Class="" AffixType="prefix" Tier="1">
    <DropParams Frequency="1">
      <ItemLevel LevelMin="50" LevelMax="300" />
      <Keywords OptionalKeywords="melee,shield,magic" />
      <ItemRarity Magic="0" Rare="0" Set="1" Legendary="1" />
    </DropParams>
    <MagicEffect EffectId="can_cast_arrowsrain">
      <LoRoll CountInt="1" />
      <HiRoll CountInt="1" />
    </MagicEffect>
  </Affix>
  <Affix AffixId="new_w_can_cast_bladeslinger" Class="" AffixType="prefix" Tier="1">
    <DropParams Frequency="1">
      <ItemLevel LevelMin="50" LevelMax="300" />
      <Keywords OptionalKeywords="axe,mace,sword,shield,magic" />
      <ItemRarity Magic="0" Rare="0" Set="1" Legendary="1" />
    </DropParams>
    <MagicEffect EffectId="can_cast_bladeslinger">
      <LoRoll CountInt="1" />
      <HiRoll CountInt="1" />
    </MagicEffect>
  </Affix>
  <Affix AffixId="new_w_can_cast_bomb" Class="" AffixType="prefix" Tier="1">
    <DropParams Frequency="1">
      <ItemLevel LevelMin="50" LevelMax="300" />
      <Keywords OptionalKeywords="axe,mace,sword,shield,magic" />
      <ItemRarity Magic="0" Rare="0" Set="1" Legendary="1" />
    </DropParams>
    <MagicEffect EffectId="can_cast_bomb">
      <LoRoll CountInt="1" />
      <HiRoll CountInt="1" />
    </MagicEffect>
  </Affix>
  <Affix AffixId="new_w_can_cast_fireball" Class="" AffixType="prefix" Tier="1">
    <DropParams Frequency="1">
      <ItemLevel LevelMin="50" LevelMax="300" />
      <Keywords OptionalKeywords="melee,shield,ranged" />
      <ItemRarity Magic="0" Rare="0" Set="1" Legendary="1" />
    </DropParams>
    <MagicEffect EffectId="can_cast_fireball">
      <LoRoll CountInt="1" />
      <HiRoll CountInt="1" />
    </MagicEffect>
  </Affix>
  <Affix AffixId="new_w_can_cast_frostcomet" Class="" AffixType="prefix" Tier="1">
    <DropParams Frequency="1">
      <ItemLevel LevelMin="50" LevelMax="300" />
      <Keywords OptionalKeywords="melee,shield,ranged" />
      <ItemRarity Magic="0" Rare="0" Set="1" Legendary="1" />
    </DropParams>
    <MagicEffect EffectId="can_cast_frostcomet">
      <LoRoll CountInt="1" />
      <HiRoll CountInt="1" />
    </MagicEffect>
  </Affix>
  <Affix AffixId="new_w_can_cast_frostlance" Class="" AffixType="prefix" Tier="1">
    <DropParams Frequency="1">
      <ItemLevel LevelMin="50" LevelMax="300" />
      <Keywords OptionalKeywords="melee,shield,ranged" />
      <ItemRarity Magic="0" Rare="0" Set="1" Legendary="1" />
    </DropParams>
    <MagicEffect EffectId="can_cast_frostlance">
      <LoRoll CountInt="1" />
      <HiRoll CountInt="1" />
    </MagicEffect>
  </Affix>
  <Affix AffixId="new_w_can_cast_frostnova" Class="" AffixType="prefix" Tier="1">
    <DropParams Frequency="1">
      <ItemLevel LevelMin="50" LevelMax="300" />
      <Keywords OptionalKeywords="melee,shield,ranged" />
      <ItemRarity Magic="0" Rare="0" Set="1" Legendary="1" />
    </DropParams>
    <MagicEffect EffectId="can_cast_frostnova">
      <LoRoll CountInt="1" />
      <HiRoll CountInt="1" />
    </MagicEffect>
  </Affix>
  <Affix AffixId="new_w_can_cast_laser" Class="" AffixType="prefix" Tier="1">
    <DropParams Frequency="1">
      <ItemLevel LevelMin="50" LevelMax="300" />
      <Keywords OptionalKeywords="melee,shield,ranged" />
      <ItemRarity Magic="0" Rare="0" Set="1" Legendary="1" />
    </DropParams>
    <MagicEffect EffectId="can_cast_laser">
      <LoRoll CountInt="1" />
      <HiRoll CountInt="1" />
    </MagicEffect>
  </Affix>
  <Affix AffixId="new_w_can_cast_bullseye" Class="" AffixType="prefix" Tier="1">
    <DropParams Frequency="1">
      <ItemLevel LevelMin="50" LevelMax="300" />
      <Keywords OptionalKeywords="melee,shield,magic" />
      <ItemRarity Magic="0" Rare="0" Set="1" Legendary="1" />
    </DropParams>
    <MagicEffect EffectId="can_cast_bullseye">
      <LoRoll CountInt="1" />
      <HiRoll CountInt="1" />
    </MagicEffect>
  </Affix>
  <Affix AffixId="new_w_can_cast_chainlightning" Class="" AffixType="prefix" Tier="1">
    <DropParams Frequency="1">
      <ItemLevel LevelMin="50" LevelMax="300" />
      <Keywords OptionalKeywords="melee,shield,ranged" />
      <ItemRarity Magic="0" Rare="0" Set="1" Legendary="1" />
    </DropParams>
    <MagicEffect EffectId="can_cast_chainlightning">
      <LoRoll CountInt="1" />
      <HiRoll CountInt="1" />
    </MagicEffect>
  </Affix>
  <Affix AffixId="new_w_can_cast_sacredground" Class="" AffixType="prefix" Tier="1">
    <DropParams Frequency="1">
      <ItemLevel LevelMin="50" LevelMax="300" />
      <Keywords OptionalKeywords="melee,shield,ranged" />
      <ItemRarity Magic="0" Rare="0" Set="1" Legendary="1" />
    </DropParams>
    <MagicEffect EffectId="can_cast_sacredground">
      <LoRoll CountInt="1" />
      <HiRoll CountInt="1" />
    </MagicEffect>
  </Affix>
  <Affix AffixId="new_w_can_cast_spreadshot" Class="" AffixType="prefix" Tier="1">
    <DropParams Frequency="1">
      <ItemLevel LevelMin="50" LevelMax="300" />
      <Keywords OptionalKeywords="melee,shield,magic" />
      <ItemRarity Magic="0" Rare="0" Set="1" Legendary="1" />
    </DropParams>
    <MagicEffect EffectId="can_cast_spreadshot">
      <LoRoll CountInt="1" />
      <HiRoll CountInt="1" />
    </MagicEffect>
  </Affix>
  <Affix AffixId="new_w_can_cast_teleport" Class="" AffixType="prefix" Tier="1">
    <DropParams Frequency="1">
      <ItemLevel LevelMin="50" LevelMax="300" />
      <Keywords OptionalKeywords="melee,shield,ranged" />
      <ItemRarity Magic="0" Rare="0" Set="1" Legendary="1" />
    </DropParams>
    <MagicEffect EffectId="can_cast_teleport">
      <LoRoll CountInt="1" />
      <HiRoll CountInt="1" />
    </MagicEffect>
  </Affix>
  <Affix AffixId="new_w_can_cast_turret" Class="" AffixType="prefix" Tier="1">
    <DropParams Frequency="1">
      <ItemLevel LevelMin="50" LevelMax="300" />
      <Keywords OptionalKeywords="axe,mace,sword,shield,magic" />
      <ItemRarity Magic="0" Rare="0" Set="1" Legendary="1" />
    </DropParams>
    <MagicEffect EffectId="can_cast_turret">
      <LoRoll CountInt="1" />
      <HiRoll CountInt="1" />
    </MagicEffect>
  </Affix>
  <Affix AffixId="new_w_can_cast_deathmark" Class="" AffixType="prefix" Tier="1">
    <DropParams Frequency="1">
      <ItemLevel LevelMin="50" LevelMax="300" />
      <Keywords OptionalKeywords="axe,mace,sword,shield,magic" />
      <ItemRarity Magic="0" Rare="0" Set="1" Legendary="1" />
    </DropParams>
    <MagicEffect EffectId="can_cast_deathmark">
      <LoRoll CountInt="1" />
      <HiRoll CountInt="1" />
    </MagicEffect>
  </Affix>
  <Affix AffixId="new_w_can_cast_dualstrike" Class="" AffixType="prefix" Tier="1">
    <DropParams Frequency="1">
      <ItemLevel LevelMin="50" LevelMax="300" />
      <Keywords OptionalKeywords="axe,mace,sword,shield,magic" />
      <ItemRarity Magic="0" Rare="0" Set="1" Legendary="1" />
    </DropParams>
    <MagicEffect EffectId="can_cast_dualstrike">
      <LoRoll CountInt="1" />
      <HiRoll CountInt="1" />
    </MagicEffect>
  </Affix>
  <Affix AffixId="new_w_can_cast_whirlwind" Class="" AffixType="prefix" Tier="1">
    <DropParams Frequency="1">
      <ItemLevel LevelMin="50" LevelMax="300" />
      <Keywords OptionalKeywords="magic,ranged" />
      <ItemRarity Magic="0" Rare="0" Set="1" Legendary="1" />
    </DropParams>
    <MagicEffect EffectId="can_cast_whirlwind">
      <LoRoll CountInt="1" />
      <HiRoll CountInt="1" />
    </MagicEffect>
  </Affix>
  <Affix AffixId="new_w_can_cast_brutalstrike" Class="" AffixType="prefix" Tier="1">
    <DropParams Frequency="1">
      <ItemLevel LevelMin="50" LevelMax="300" />
      <Keywords OptionalKeywords="magic,ranged" />
      <ItemRarity Magic="0" Rare="0" Set="1" Legendary="1" />
    </DropParams>
    <MagicEffect EffectId="can_cast_brutalstrike">
      <LoRoll CountInt="1" />
      <HiRoll CountInt="1" />
    </MagicEffect>
  </Affix>
  <Affix AffixId="new_w_can_cast_charge" Class="" AffixType="prefix" Tier="1">
    <DropParams Frequency="1">
      <ItemLevel LevelMin="50" LevelMax="300" />
      <Keywords OptionalKeywords="magic,ranged" />
      <ItemRarity Magic="0" Rare="0" Set="1" Legendary="1" />
    </DropParams>
    <MagicEffect EffectId="can_cast_charge">
      <LoRoll CountInt="1" />
      <HiRoll CountInt="1" />
    </MagicEffect>
  </Affix>
  <Affix AffixId="new_w_can_cast_hook" Class="" AffixType="prefix" Tier="1">
    <DropParams Frequency="1">
      <ItemLevel LevelMin="50" LevelMax="300" />
      <Keywords OptionalKeywords="magic,ranged" />
      <ItemRarity Magic="0" Rare="0" Set="1" Legendary="1" />
    </DropParams>
    <MagicEffect EffectId="can_cast_hook">
      <LoRoll CountInt="1" />
      <HiRoll CountInt="1" />
    </MagicEffect>
  </Affix>
  <Affix AffixId="new_w_can_cast_laceration" Class="" AffixType="prefix" Tier="1">
    <DropParams Frequency="1">
      <ItemLevel LevelMin="50" LevelMax="300" />
      <Keywords OptionalKeywords="magic,ranged" />
      <ItemRarity Magic="0" Rare="0" Set="1" Legendary="1" />
    </DropParams>
    <MagicEffect EffectId="can_cast_laceration">
      <LoRoll CountInt="1" />
      <HiRoll CountInt="1" />
    </MagicEffect>
  </Affix>
  <Affix AffixId="new_w_can_cast_warcry" Class="" AffixType="prefix" Tier="1">
    <DropParams Frequency="1">
      <ItemLevel LevelMin="50" LevelMax="300" />
      <Keywords OptionalKeywords="magic,ranged" />
      <ItemRarity Magic="0" Rare="0" Set="1" Legendary="1" />
    </DropParams>
    <MagicEffect EffectId="can_cast_warcry">
      <LoRoll CountInt="1" />
      <HiRoll CountInt="1" />
    </MagicEffect>
  </Affix>
  <Affix AffixId="new_w_can_cast_leap" Class="" AffixType="prefix" Tier="1">
    <DropParams Frequency="1">
      <ItemLevel LevelMin="50" LevelMax="300" />
      <Keywords OptionalKeywords="magic,ranged" />
      <ItemRarity Magic="0" Rare="0" Set="1" Legendary="1" />
    </DropParams>
    <MagicEffect EffectId="can_cast_leap">
      <LoRoll CountInt="1" />
      <HiRoll CountInt="1" />
    </MagicEffect>
  </Affix>
  <Affix AffixId="new_w_can_cast_reave" Class="" AffixType="prefix" Tier="1">
    <DropParams Frequency="1">
      <ItemLevel LevelMin="50" LevelMax="300" />
      <Keywords OptionalKeywords="magic,ranged" />
      <ItemRarity Magic="0" Rare="0" Set="1" Legendary="1" />
    </DropParams>
    <MagicEffect EffectId="can_cast_reave">
      <LoRoll CountInt="1" />
      <HiRoll CountInt="1" />
    </MagicEffect>
  </Affix>
  <Affix AffixId="new_w_ghost_damage" Class="" AffixType="prefix" Tier="1">
    <DropParams Frequency="1">
      <ItemLevel LevelMin="50" LevelMax="300" />
      <Keywords OptionalKeywords="magic,ranged" />
      <ItemRarity Magic="0" Rare="0" Set="1" Legendary="1" />
    </DropParams>
    <MagicEffect EffectId="ghost_damage">
      <LoRoll DamagePercentInt="25" ChancePercentInt="10" />
      <HiRoll DamagePercentInt="25" ChancePercentInt="10" />
    </MagicEffect>
  </Affix>
  <Affix AffixId="new_w_can_cast_ironguard" Class="" AffixType="prefix" Tier="1">
    <DropParams Frequency="1">
      <ItemLevel LevelMin="50" LevelMax="300" />
      <Keywords OptionalKeywords="magic,ranged" />
      <ItemRarity Magic="0" Rare="0" Set="1" Legendary="1" />
    </DropParams>
    <MagicEffect EffectId="can_cast_ironguard">
      <LoRoll CountInt="1" />
      <HiRoll CountInt="1" />
    </MagicEffect>
  </Affix>
  <Affix AffixId="new_w_can_cast_holydive" Class="" AffixType="prefix" Tier="1">
    <DropParams Frequency="1">
      <ItemLevel LevelMin="50" LevelMax="300" />
      <Keywords OptionalKeywords="melee,shield,ranged" />
      <ItemRarity Magic="0" Rare="0" Set="1" Legendary="1" />
    </DropParams>
    <MagicEffect EffectId="can_cast_holydive">
      <LoRoll CountInt="1" />
      <HiRoll CountInt="1" />
    </MagicEffect>
  </Affix>
  <Affix AffixId="new_w_can_cast_ringofpain" Class="" AffixType="prefix" Tier="1">
    <DropParams Frequency="1">
      <ItemLevel LevelMin="50" LevelMax="300" />
      <Keywords OptionalKeywords="magic,ranged" />
      <ItemRarity Magic="0" Rare="0" Set="1" Legendary="1" />
    </DropParams>
    <MagicEffect EffectId="can_cast_ringofpain">
      <LoRoll CountInt="1" />
      <HiRoll CountInt="1" />
    </MagicEffect>
  </Affix>
  <Affix AffixId="new_w_can_cast_hammer" Class="" AffixType="prefix" Tier="1">
    <DropParams Frequency="1">
      <ItemLevel LevelMin="50" LevelMax="300" />
      <Keywords OptionalKeywords="magic,ranged" />
      <ItemRarity Magic="0" Rare="0" Set="1" Legendary="1" />
    </DropParams>
    <MagicEffect EffectId="can_cast_hammer">
      <LoRoll CountInt="1" />
      <HiRoll CountInt="1" />
    </MagicEffect>
  </Affix>
  <Affix AffixId="new_w_can_cast_sniper" Class="" AffixType="prefix" Tier="1">
    <DropParams Frequency="1">
      <ItemLevel LevelMin="50" LevelMax="300" />
      <Keywords OptionalKeywords="axe,mace,sword,shield,magic" />
      <ItemRarity Magic="0" Rare="0" Set="1" Legendary="1" />
    </DropParams>
    <MagicEffect EffectId="can_cast_sniper">
      <LoRoll CountInt="1" />
      <HiRoll CountInt="1" />
    </MagicEffect>
  </Affix>
  <Affix AffixId="new_w_can_cast_smokebomb" Class="" AffixType="prefix" Tier="1">
    <DropParams Frequency="1">
      <ItemLevel LevelMin="50" LevelMax="300" />
      <Keywords OptionalKeywords="axe,mace,sword,shield,magic" />
      <ItemRarity Magic="0" Rare="0" Set="1" Legendary="1" />
    </DropParams>
    <MagicEffect EffectId="can_cast_smokebomb">
      <LoRoll CountInt="1" />
      <HiRoll CountInt="1" />
    </MagicEffect>
  </Affix>
  <Affix AffixId="new_w_can_cast_vault" Class="" AffixType="prefix" Tier="1">
    <DropParams Frequency="1">
      <ItemLevel LevelMin="50" LevelMax="300" />
      <Keywords OptionalKeywords="axe,mace,sword,shield,magic" />
      <ItemRarity Magic="0" Rare="0" Set="1" Legendary="1" />
    </DropParams>
    <MagicEffect EffectId="can_cast_vault">
      <LoRoll CountInt="1" />
      <HiRoll CountInt="1" />
    </MagicEffect>
  </Affix>
  <Affix AffixId="new_w_can_cast_solarfall" Class="" AffixType="prefix" Tier="1">
    <DropParams Frequency="1">
      <ItemLevel LevelMin="50" LevelMax="300" />
      <Keywords OptionalKeywords="melee,shield,ranged" />
      <ItemRarity Magic="0" Rare="0" Set="1" Legendary="1" />
    </DropParams>
    <MagicEffect EffectId="can_cast_solarfall">
      <LoRoll CountInt="1" />
      <HiRoll CountInt="1" />
    </MagicEffect>
  </Affix>
  <Affix AffixId="new_w_can_cast_vortex" Class="" AffixType="prefix" Tier="1">
    <DropParams Frequency="1">
      <ItemLevel LevelMin="50" LevelMax="300" />
      <Keywords OptionalKeywords="melee,shield,ranged" />
      <ItemRarity Magic="0" Rare="0" Set="1" Legendary="1" />
    </DropParams>
    <MagicEffect EffectId="can_cast_vortex">
      <LoRoll CountInt="1" />
      <HiRoll CountInt="1" />
    </MagicEffect>
  </Affix>
  <Affix AffixId="new_w_can_cast_aetherblast" Class="" AffixType="prefix" Tier="1">
    <DropParams Frequency="1">
      <ItemLevel LevelMin="50" LevelMax="300" />
      <Keywords OptionalKeywords="melee,shield,ranged" />
      <ItemRarity Magic="0" Rare="0" Set="1" Legendary="1" />
    </DropParams>
    <MagicEffect EffectId="can_cast_aetherblast">
      <LoRoll CountInt="1" />
      <HiRoll CountInt="1" />
    </MagicEffect>
  </Affix>
  <Affix AffixId="new_w_can_cast_summon_melee" Class="" AffixType="prefix" Tier="1">
    <DropParams Frequency="1">
      <ItemLevel LevelMin="50" LevelMax="300" />
      <Keywords OptionalKeywords="melee,shield,ranged" />
      <ItemRarity Magic="0" Rare="0" Set="1" Legendary="1" />
    </DropParams>
    <MagicEffect EffectId="can_cast_summon_melee">
      <LoRoll CountInt="1" />
      <HiRoll CountInt="1" />
    </MagicEffect>
  </Affix>
  <Affix AffixId="new_w_can_cast_summon_champion" Class="" AffixType="prefix" Tier="1">
    <DropParams Frequency="1">
      <ItemLevel LevelMin="50" LevelMax="300" />
      <Keywords OptionalKeywords="melee,shield,ranged" />
      <ItemRarity Magic="0" Rare="0" Set="1" Legendary="1" />
    </DropParams>
    <MagicEffect EffectId="can_cast_summon_champion">
      <LoRoll CountInt="1" />
      <HiRoll CountInt="1" />
    </MagicEffect>
  </Affix>
  <Affix AffixId="new_w_can_cast_summon_ranged" Class="" AffixType="prefix" Tier="1">
    <DropParams Frequency="1">
      <ItemLevel LevelMin="50" LevelMax="300" />
      <Keywords OptionalKeywords="melee,shield,ranged" />
      <ItemRarity Magic="0" Rare="0" Set="1" Legendary="1" />
    </DropParams>
    <MagicEffect EffectId="can_cast_summon_ranged">
      <LoRoll CountInt="1" />
      <HiRoll CountInt="1" />
    </MagicEffect>
  </Affix>
  <Affix AffixId="new_w_can_cast_Posession" Class="" AffixType="prefix" Tier="1">
    <DropParams Frequency="1">
      <ItemLevel LevelMin="50" LevelMax="300" />
      <Keywords OptionalKeywords="melee,shield,ranged" />
      <ItemRarity Magic="0" Rare="0" Set="1" Legendary="1" />
    </DropParams>
    <MagicEffect EffectId="can_cast_Posession">
      <LoRoll CountInt="1" />
      <HiRoll CountInt="1" />
    </MagicEffect>
  </Affix>
  <Affix AffixId="new_w_can_cast_aetherblade" Class="" AffixType="prefix" Tier="1">
    <DropParams Frequency="1">
      <ItemLevel LevelMin="50" LevelMax="300" />
      <Keywords OptionalKeywords="melee,shield,ranged" />
      <ItemRarity Magic="0" Rare="0" Set="1" Legendary="1" />
    </DropParams>
    <MagicEffect EffectId="can_cast_aetherblade">
      <LoRoll CountInt="1" />
      <HiRoll CountInt="1" />
    </MagicEffect>
  </Affix>
</MetaData>