<MetaData>
  <Chest Name="Beta1_Lootable" DefaultModel="objects/props/chest/wood_chest_02_animated.cga" Rarity="normal" Sound_Opening="" Particle_Base="Loot.chest.Chest_Normal" Particle_Base_Scale="1" Particle_Base_Offset="0,0,0" Particle_OnOpen="" Particle_OnOpen_Scale="1" Particle_OnOpen_Offset="0,0,0" Particle_OnLoot="" Particle_OnLoot_Scale="1" Particle_OnLoot_Offset="0,0,0" UIName="" IconZOffset="1.5">
    <LootClasses NumberOfLootMin="1" NumberOfLootMax="1">
      <LootClass LootClassName="Chest_Deadbody_Gold_TBETA" Weight="35" />
      <LootClass LootClassName="Chest_Deadbody_TBETA" Weight="65" />
    </LootClasses>
  </Chest>
  <Chest Name="Starter_Lootable" DefaultModel="objects/props/chest/wood_chest_02_animated.cga" Rarity="normal" Sound_Opening="" Particle_Base="Loot.chest.Chest_Normal" Particle_Base_Scale="1" Particle_Base_Offset="0,0,0" Particle_OnOpen="" Particle_OnOpen_Scale="1" Particle_OnOpen_Offset="0,0,0" Particle_OnLoot="" Particle_OnLoot_Scale="1" Particle_OnLoot_Offset="0,0,0" UIName="" IconZOffset="1.5">
    <LootClasses NumberOfLootMin="1" NumberOfLootMax="1">
      <LootClass LootClassName="Weapons_StarterBody" Weight="100" />
    </LootClasses>
  </Chest>
</MetaData>